status_id,status_message,link_name,status_type,status_link,status_published,num_reactions,num_comments,num_shares,num_likes,num_loves,num_wows,num_hahas,num_sads,num_angries,num_thankfuls
115634898452178_1346351472047175,"75 aastat tagasi, 1941. aasta juunis küüditati Eestist Siberi avarustesse umbes 10 000 inimest, kellest paljud ei näinud oma kodumaad enam kunagi.",Fotod: Tartus mälestati 75 aasta möödumist juuniküüditamisest,link,http://tartu.postimees.ee/3732341/fotod-tartus-malestati-75-aasta-moodumist-juunikuuditamisest?utm_source=pm_fb&utm_medium=wallpost&utm_content=3732341&utm_campaign=fb_post,2016-06-14 10:30:00,1,0,1,1,0,0,0,0,0,0
115634898452178_1346237795391876,"Hispaanias sai surma 34-aastane mees, kelle leivanumbriks oli «pullipõiklemine» ehk ründavate härgade eest viimasel hetkel kõrvale hüppamine. Lisatud video.",Hispaanias hukkus sarvega südamesse saanud härjavõitleja,link,http://maailm.postimees.ee/3732099/hispaanias-hukkus-sarvega-sudamesse-saanud-harjavoitleja?utm_source=pm_fb&utm_medium=wallpost&utm_content=3732099&utm_campaign=fb_post,2016-06-14 10:15:00,8,4,1,5,0,0,3,0,0,0
115634898452178_1331203600228629,Vahvat õhtut!,"Neiu, kas te ütleksite oma aadressi?",link,http://meeldib.postimees.ee/2016/05/neiu-kas-te-utleksite-oma-aadressi/?utm_source=pm_fb&utm_medium=wallpost&utm_campaign=meeldib,2016-06-14 10:10:00,9,0,2,7,0,0,2,0,0,0
115634898452178_1346350225380633,"Valitsuse kõige suurema võlakoormusega ministrid on peaminister Taavi Rõivas ning sotsiaalkaitseminister Margus Tsahkna, selgub ministrite huvide deklaratsioonidest.",Ministritest on kõige suurem laenukoormus Rõivasel ja Tsahknal,link,http://www.postimees.ee/3732333/ministritest-on-koige-suurem-laenukoormus-roivasel-ja-tsahknal?utm_source=pm_fb&utm_medium=wallpost&utm_content=3732333&utm_campaign=fb_post,2016-06-14 10:00:00,1,4,1,0,1,0,0,0,0,0
115634898452178_1346349998713989,"Tänapäeval on nii palju erinevaid variante, kus ja kuidas šopata. Tahad, ostad kiirmoeketis, vintage asjade poest, kaltsukatest või internetist. Millist tüüpi šoppajad on olemas? Milline oled sina?",Šoppaja välimääraja,link,http://naine24.postimees.ee/3732277/soppaja-valimaaraja?utm_source=pm_fb&utm_medium=wallpost&utm_content=3732277&utm_campaign=fb_post,2016-06-14 09:45:00,0,0,0,0,0,0,0,0,0,0
115634898452178_1346383045377351,Saaremaa Laevakompanii omanik Vjatšeslav Leedo plaanib seoses parvlaevahankega esitada Eesti riigi vastu kaebuse Euroopa Komisjonile ja nõuda seeläbi riigilt 97-98 miljonit eurot kahjutasu.,Leedo tahab seoses praamihankega nõuda riigilt 100 miljonit kahjutasu,link,http://majandus24.postimees.ee/3732485/leedo-tahab-seoses-praamihankega-nouda-riigilt-100-miljonit-kahjutasu?utm_source=pm_fb&utm_medium=wallpost&utm_content=3732485&utm_campaign=fb_post,2016-06-14 09:31:11,4,1,2,4,0,0,0,0,0,0
115634898452178_1346307718718217,"«Tahtsin paluda, et te uuriksite võimalusel ERR-ilt, miks internetist vaadates nende lehti avades alati hääl vaikimisi põhjas on? Probleem puudutab ETV-d, ETV2-e, ETV+-i,» kirjutas lugeja.",Lugeja küsib: miks on internetis ETV-d vaadates hääl vaikimisi põhjas?,link,http://tarbija24.postimees.ee/3732227/lugeja-kusib-miks-on-internetis-etv-d-vaadates-haal-vaikimisi-pohjas?utm_source=pm_fb&utm_medium=wallpost&utm_content=3732227&utm_campaign=fb_post,2016-06-14 09:15:00,3,1,1,3,0,0,0,0,0,0
115634898452178_1346237588725230,Rebasekutsikas jäi Londoni põhjaosas ühe pere tagaaeda lõksu ning ainsaks võimaluseks tundus olevat mööda mänguväljaku liuvälja üles ronida.,Video: rebane jäi tagaaeda lõksu,link,http://lemmik.postimees.ee/3732069/video-rebane-jai-tagaaeda-loksu?utm_source=pm_fb&utm_medium=wallpost&utm_content=3732069&utm_campaign=fb_post,2016-06-14 09:00:00,4,0,0,4,0,0,0,0,0,0
115634898452178_1346307515384904,Ursel Veimann oli juba vahele jäänud katsega toimetada Eestisse rekordilist kogust uimastite lähteainet ja selle eest kohtus kümne aastase vangistuse saanud. Täna mõistis Harju maakohus Veimanni süüdi talle uimasteid keetnud kaaslase tapmiskatses.,Narkojoobes narkoärikas üritas võlglasest kuriteokaaslast maha lasta,link,http://www.postimees.ee/3732123/narkojoobes-narkoarikas-uritas-volglasest-kuriteokaaslast-maha-lasta?utm_source=pm_fb&utm_medium=wallpost&utm_content=3732123&utm_campaign=fb_post,2016-06-14 08:45:00,7,2,1,7,0,0,0,0,0,0
115634898452178_1346237485391907,"Miks on see nii, et mõned sõprussuhted kestavad terve elu ja teised mitte? Sõbrad võivad põhjustada palju rõõmu või südamevalu, aga kindlasti jätavad nad su ellu kustumatu jälje.","12 karmi tõde sõpruse kohta, mida 20ndates õppida",link,http://naine24.postimees.ee/3731907/12-karmi-tode-sopruse-kohta-mida-20ndates-oppida?utm_source=pm_fb&utm_medium=wallpost&utm_content=3731907&utm_campaign=fb_post,2016-06-14 08:30:00,18,0,10,18,0,0,0,0,0,0
115634898452178_1346237938725195,"Oled just valmis hommikul jooksma minema, kui su sõber sind randa kutsub. Mida teha? Mine rahulikult sõbraga toredat aega veetma. Vaata videost, kuidas rannas kaloreid põletada!",Kuidas suvel rannas kaloreid põletada?,link,http://naine24.postimees.ee/3732009/kuidas-suvel-rannas-kaloreid-poletada?utm_source=pm_fb&utm_medium=wallpost&utm_content=3732009&utm_campaign=fb_post,2016-06-14 08:15:00,0,1,0,0,0,0,0,0,0,0
115634898452178_1346237238725265,"Vene kultuuri Eesti variandi olukord on nutune. Ainult et Eesti vene kultuuri mandumise peamine põhjus ei seisne mitte võimude poliitikas, vaid venelastes endas, kes ei hoia ega oska säilitada oma kultuuri",Andrei Kuzitškin: venelased hävitavad ise oma kultuuriruumi Eestis,link,http://arvamus.postimees.ee/3731901/andrei-kuzitskin-venelased-havitavad-ise-oma-kultuuriruumi-eestis?utm_source=pm_fb&utm_medium=wallpost&utm_content=3731901&utm_campaign=fb_post,2016-06-14 08:02:15,11,1,0,10,0,0,0,1,0,0
115634898452178_1346236998725289,"Kümme riigikogu liiget igast riigikogu fraktsioonist tegid kultuuriminister Indrek Saarele ja NO99 teatri nõukogule avalduse, milles paluvad näitlejannat löönud teatrijuhi Tiit Ojasoo ametist vabastada.",Kümne parlamendiliikme avaldus: Tiit Ojasoo tuleb ametist vabastada,link,http://www.postimees.ee/3732055/kumne-parlamendiliikme-avaldus-tiit-ojasoo-tuleb-ametist-vabastada?utm_source=pm_fb&utm_medium=wallpost&utm_content=3732055&utm_campaign=fb_post,2016-06-14 07:30:01,14,6,2,14,0,0,0,0,0,0
115634898452178_1346306342051688,Täna pärastlõunal sattus Tallinnas liiklusõnnetusse sadu tuhandeid eurosid maksnud luksusauto Lamborghini.,Fotod: Tallinna kesklinnas sõitis Lexus Lamborghinile tagant sisse,link,http://tallinncity.postimees.ee/3732239/fotod-tallinna-kesklinnas-soitis-lexus-lamborghinile-tagant-sisse?utm_source=pm_fb&utm_medium=wallpost&utm_content=3732239&utm_campaign=fb_post,2016-06-14 07:20:55,194,27,29,137,0,10,43,3,1,0
115634898452178_1346202982062024,"Kas sina tülitsed oma partneriga tihti? Kui te tülitsete, kas teie tülid on plahvatusohtlikud või on tegemist pigem leebete vaidlustega? Sellistele asjadele tuleks mõelda, sest see, kuidas sa oma partneriga tülitsed, määrab ka selle, milline on su tervislik seisund.",Partneriga tülitsemine võib tervisele halvasti mõjuda,link,http://naine24.postimees.ee/3731861/partneriga-tulitsemine-voib-tervisele-halvasti-mojuda?utm_source=pm_fb&utm_medium=wallpost&utm_content=3731861&utm_campaign=fb_post,2016-06-14 07:00:00,7,1,5,6,1,0,0,0,0,0
115634898452178_1346201872062135,"Siseministeeriumi rahvastiku toimingute osakonna andmetel registreeriti mais Eesti perekonnaseisuasutustes kokku 1306 sündi, neist 608 tütarlast ja 698 poisslast.","Vaata, millised olid populaarsemad lapsenimed mais",link,http://naine24.postimees.ee/3731849/vaata-millised-olid-populaarsemad-lapsenimed-mais?utm_source=pm_fb&utm_medium=wallpost&utm_content=3731849&utm_campaign=fb_post,2016-06-14 06:45:00,12,0,2,12,0,0,0,0,0,0
115634898452178_1346258762056446,"Euroopa Jalgpalli Liit UEFA teatas täna, et nad määrasid Venemaa Jalgpalli Liidule nende fännide vägivaldse käitumise eest 150 000 euro suuruse trahvi.","UEFA määras Venemaale suure karistuse, järgmine rikkumine saadab nad EMilt koju",link,http://sport.postimees.ee/3732171/uefa-maaras-venemaale-suure-karistuse-jargmine-rikkumine-saadab-nad-emilt-koju?utm_source=pm_fb&utm_medium=wallpost&utm_content=3732171&utm_campaign=fb_post,2016-06-14 06:30:00,173,18,8,147,0,3,20,2,1,0
115634898452178_1346254368723552,"Aastakümneid kardeti Inglismaa jalgpallihuligaane, kuid tänapäeval ei ole nad enam ammu kõige kardetumad fännid. Praegusel ajal tulevad kõige karmimad löömamehed Ida-Euroopast ja tänavusel EMil on kõige rohkem segadust külvanud venelased. Vaata ka amatöörvideot venelaste rünnakust.",Venemaa toob jalgpallimaailma uut tüüpi ja senisest karmimad löömamehed,link,http://sport.postimees.ee/3732013/venemaa-toob-jalgpallimaailma-uut-tuupi-ja-senisest-karmimad-loomamehed?utm_source=pm_fb&utm_medium=wallpost&utm_content=3732013&utm_campaign=fb_post,2016-06-14 06:13:16,22,8,4,9,0,0,4,0,9,0
115634898452178_1346175908731398,"Kui kondoomi kasutamine esimese vahekorra ajal on noorte seas tõusnud, siis juhusuhetes kondoomi kasutamine on endiselt puudulik.",Noored seavad end juhusuhetes ohtu,link,http://tervis.postimees.ee/3731803/noored-seavad-end-juhusuhetes-ohtu?utm_source=pm_fb&utm_medium=wallpost&utm_content=3731803&utm_campaign=fb_post,2016-06-14 06:00:00,0,1,4,0,0,0,0,0,0,0
115634898452178_1346175795398076,"Mida vajab äsja sündinud beebi ning äsja sünnitanud ema haiglas veedetud päevade jooksul? See küsimus vaevab ilmselt igat esimest korda sünnitama minevat noort naist, hiljem on vastused juba kogemustest leitavad.",Mida sünnitusmajja kaasa võtta?,link,http://naine24.postimees.ee/3731749/mida-sunnitusmajja-kaasa-votta?utm_source=pm_fb&utm_medium=wallpost&utm_content=3731749&utm_campaign=fb_post,2016-06-14 05:30:00,9,11,17,8,0,0,1,0,0,0
115634898452178_1346201502062172,"Sel nädalal kuulutati Eesti parimaks mobiilirakenduseks Pipedrivem, kuid võistlustules oli samas ka saarlase Raimond Vatko mobiiliäpp Päevapraad.ee, mis on oma tänuväärt infoga küllalt tublisti kasutust leidnud.",Saarlase päevaprae äpp kogub populaarsust,link,http://tarbija24.postimees.ee/3731841/saarlase-paevaprae-app-kogub-populaarsust?utm_source=pm_fb&utm_medium=wallpost&utm_content=3731841&utm_campaign=fb_post,2016-06-14 05:15:00,10,0,0,10,0,0,0,0,0,0
115634898452178_1346175248731464,,Kuulus tippkokk jagas fännidega kurba uudist,link,http://naine24.postimees.ee/3731783/kuulus-tippkokk-jagas-fannidega-kurba-uudist?utm_source=pm_fb&utm_medium=wallpost&utm_content=3731783&utm_campaign=fb_post,2016-06-14 05:00:00,171,3,20,48,0,0,0,123,0,0
115634898452178_1346202812062041,"Olukord, kus riik sunnib bussifirmasid tegema mõttetuid vahepeatusi väikestes kohtades, ähvardab välja suretada  isemajandava bussiliikluse suurlinnade vahel",Bussifirma juht: riik püüab linnadevahelist bussiliiklust välja suretada,link,http://tarbija24.postimees.ee/3731931/bussifirma-juht-riik-puuab-linnadevahelist-bussiliiklust-valja-suretada?utm_source=pm_fb&utm_medium=wallpost&utm_content=3731931&utm_campaign=fb_post,2016-06-14 04:45:00,6,2,2,4,0,0,0,0,2,0
115634898452178_1346145978734391,Viimase aasta jooksul teenis oma igapäevatöö kõrval täiendavat sissetulekut 39 protsenti Eesti elanikest. Lisatööst saadav sissetulek jääb enamasti vahemikku 50-200 eurot kuus,Üle kolmandiku Eesti elanikest teenib palgatöö kõrval lisaraha,link,http://majandus24.postimees.ee/3731693/ule-kolmandiku-eesti-elanikest-teenib-palgatoo-korval-lisaraha?utm_source=pm_fb&utm_medium=wallpost&utm_content=3731693&utm_campaign=fb_post,2016-06-14 04:30:00,9,0,6,9,0,0,0,0,0,0
115634898452178_1346122558736733,"Eesti ühe staažikaima haiglajuhi, Põhja-Eesti regionaalhaigla (PERH) juhatuse esimehe Tõnis Alliku viis kaheldava väärtusega välismaist tööreisi tõid talle kaela kriminaalkahtlustuse.",Haiglajuht käis naisega komandeeringute pähe puhkamas,link,http://majandus24.postimees.ee/3731109/haiglajuht-kais-naisega-komandeeringute-pahe-puhkamas?utm_source=pm_fb&utm_medium=wallpost&utm_content=3731109&utm_campaign=fb_post,2016-06-14 04:00:00,4,3,2,2,0,1,0,0,1,0
115634898452178_1346179832064339,"Mõjukas Pakistani islamivaimulike grupeering andis välja fatwa ehk ametliku islamiseadluse, millega mõistab hukka riigis viimasel ajal palju vastukaja tekitanud aumõrvad.",Pakistani vaimulikud kuulutasid aumõrvadele fatwa,link,http://maailm.postimees.ee/3731831/pakistani-vaimulikud-kuulutasid-aumorvadele-fatwa?utm_source=pm_fb&utm_medium=wallpost&utm_content=3731831&utm_campaign=fb_post,2016-06-14 03:45:00,11,1,0,11,0,0,0,0,0,0
115634898452178_1346122282070094,"Kinnisvaraportaalis kv.ee on juba mitu nädalat üleval kuulutus, kus pakutakse müügiks 20kohalist hooldekodu Kunda linnas. Pinda on majas pea 1300 ruutmeetrit. Piltide järgi otsustades on toad renoveeritud ja sisustatud. Huvitavaks muudab pakkumise piltide kõrval olev hind: üks euro.",Kundas pakutakse hooldekodu ühe euro eest,link,http://virumaateataja.postimees.ee/3731621/kundas-pakutakse-hooldekodu-uhe-euro-eest?_ga=1.12553076.1144324660.1465601652&utm_source=pm_fb&utm_medium=wallpost&utm_content=3731621&utm_campaign=fb_post,2016-06-14 03:30:02,11,2,7,7,0,3,1,0,0,0
115634898452178_1346145178734471,"Politsei kommunikatsioonibüroo andis teada, et eile Suure-Jaanis kadunud Erika on üles leitud ning temaga on kõik korras.",Suure-Jaanis kadunud Erika leiti üles,link,http://www.postimees.ee/3731743/suure-jaanis-kadunud-erika-leiti-ules?utm_source=pm_fb&utm_medium=wallpost&utm_content=3731743&utm_campaign=fb_post,2016-06-14 03:15:00,14,1,1,14,0,0,0,0,0,0
115634898452178_1346121632070159,"Kui üldiselt tähendab uus hinnakiri krõbedamaid hindu, siis Viljandi valla elanikud on juba kätte saanud või kohe saavad juulist kehtima hakkava prügiveolepingu, mille järgi hakkab konteineritühjendus maksma kõigest ühe sendi.",Prügivedu muutub paljudele vallaelanikele uskumatult odavaks,link,http://sakala.postimees.ee/3731615/prugivedu-muutub-paljudele-vallaelanikele-uskumatult-odavaks?_ga=1.44968804.1144324660.1465601652&utm_source=pm_fb&utm_medium=wallpost&utm_content=3731615&utm_campaign=fb_post,2016-06-14 03:00:00,47,5,15,41,0,6,0,0,0,0
115634898452178_1346121388736850,"Selgunud on, milline hakkab tulevikus välja nägema kaksiklinna süda. Uus keskväljak peaks valmima juba järgmise aasta jõuludeks.",Selgus Valga tulevase kesklinna ilme,link,http://valgamaalane.postimees.ee/3731619/selgus-valga-tulevase-kesklinna-ilme?_ga=1.12553076.1144324660.1465601652&utm_source=pm_fb&utm_medium=wallpost&utm_content=3731619&utm_campaign=fb_post,2016-06-14 02:30:00,7,0,0,7,0,0,0,0,0,0
115634898452178_1346155365400119,,Kohus mõistis Rõivast ähvardanud mehele reaalse vangistuse,link,http://www.postimees.ee/3731709/kohus-moistis-roivast-ahvardanud-mehele-reaalse-vangistuse?utm_source=pm_fb&utm_medium=wallpost&utm_content=3731709&utm_campaign=fb_post,2016-06-14 02:22:28,147,44,16,80,0,11,6,5,45,0
115634898452178_1346144225401233,"Täna, 14. juunil meenutatakse Tallinnas Vabaduse väljakul 1941. aasta küüditamise ohvreid mälestustseremoonia ja kujundliku pisarate merega.",Galerii: juuniküüditamise mälestuseks tõuseb lendu pisarate meri,link,http://tallinncity.postimees.ee/3731723/galerii-juunikuuditamise-malestuseks-touseb-lendu-pisarate-meri?utm_source=pm_fb&utm_medium=wallpost&utm_content=3731723&utm_campaign=fb_post,2016-06-14 02:15:00,553,13,64,460,3,11,0,79,1,0
115634898452178_1346120778736911,"1941. aasta juuniküüditamise all kannatanud Eesti, Läti, Leedu, Poola ja Ukraina justiitsministrid tegid ühisavalduse, milles taunisid seda, et Nõukogude Liidu õigusjärglane Venemaa Föderatsioon pole teinud midagi, et kunagisi kuritegusid mingilgi moel heastada. Postimees avaldab ühisavalduse.",Viie riigi justiitsministrid tegid ühisavalduse: Nõukogude Liit ei suutnud inimhinge tappa,link,http://www.postimees.ee/3731659/viie-riigi-justiitsministrid-tegid-uhisavalduse-noukogude-liit-ei-suutnud-inimhinge-tappa?utm_source=pm_fb&utm_medium=wallpost&utm_content=3731659&utm_campaign=fb_post,2016-06-14 02:00:00,60,5,7,53,0,0,0,5,2,0
115634898452178_1346120625403593,"Tallinnas sõitis eile õhtul autoga jalakäijale otsa ilma juhtimisõiguseta noor naine, kes pärast juhtunut lahkus teadmata suunas.",Noor naine põgenes pärast autoga jalakäijale otsasõitmist,link,http://tallinncity.postimees.ee/3731629/noor-naine-pogenes-parast-autoga-jalakaijale-otsasoitmist?utm_source=tallinnapm_fb&utm_medium=wallpost&utm_content=3731629&utm_campaign=fb_post,2016-06-14 01:30:00,19,4,2,5,2,0,0,0,12,0
115634898452178_1346118418737147,Prantsusmaa pealinna Pariisi lähedal Magnanville'is sai kolm inimest surma pantvangidraamas ja sellele eelnenud pussitamises.,Prantsusmaal sai pantvangidraamas kolm inimest surma,link,http://maailm.postimees.ee/3731591/prantsusmaal-sai-pantvangidraamas-kolm-inimest-surma?utm_source=pm_fb&utm_medium=wallpost&utm_content=3731591&utm_campaign=fb_post,2016-06-14 01:00:12,5,0,1,1,0,1,0,3,0,0
115634898452178_1332607840088205,Liigutavat leinapäeva!,Troost,link,http://armastan.postimees.ee/troost/?utm_source=pm_fb&utm_medium=wallpost&utm_campaign=armastan,2016-06-14 00:10:00,289,4,65,198,13,0,0,78,0,0
115634898452178_1345842218764767,"Kui kasvatad taimi, aga mingil põhjusel ei saa või ei taha aeda kompostikasti rajada, kulub see lahendus sulle kahtlemata marjaks ära.",Geniaalne taimekasvatusnipp kõigile aiapidajatele,link,http://kodu.postimees.ee/3731549/geniaalne-taimekasvatusnipp-koigile-aiapidajatele?utm_source=pm_fb&utm_medium=wallpost&utm_content=3731549&utm_campaign=fb_post,2016-06-13 15:45:00,27,0,21,26,0,1,0,0,0,0
115634898452178_1345841915431464,"Peaminister Taavi Rõivase eluasemelaenude koormus on kasvanud, samas ei maksa peaminister enam autoliisingut, selgub huvide deklaratsioonist.",Peaministri eluasemelaenude koormus on kasvanud,link,http://majandus24.postimees.ee/3731573/peaministri-eluasemelaenude-koormus-on-kasvanud?utm_source=pm_fb&utm_medium=wallpost&utm_content=3731573&utm_campaign=fb_post,2016-06-13 15:30:00,17,12,6,11,1,1,1,3,0,0
115634898452178_1345841768764812,"Aevastama võivad ajada nii külmetus, tolm, allergiad kui ka muud tegurid. Aevastamine on refleks, mida ei ole võimalik kontrollida – OnlyMyHealth järjestas mõned huvitavad faktid aevastamise kohta.","Kuus fakti, mida võiksid teada aevastamisest",link,http://tervis.postimees.ee/3730409/kuus-fakti-mida-voiksid-teada-aevastamisest?utm_source=pm_fb&utm_medium=wallpost&utm_content=3730409&utm_campaign=fb_post,2016-06-13 15:07:56,6,2,14,6,0,0,0,0,0,0
115634898452178_1345809618768027,"Keskerakonna volikogus partei presidendikandidaadiks valitud Mailis Reps märkis eile erakonnakaaslastele saadetud kirjas, et Eesti huvides on ühtehoidev riik ning head ja konstruktiivsed suhted kõigi naabrite, sealhulgas Venemaaga.",Reps kirjas erakonnakaaslastele: meie huvides on head suhted Venemaaga,link,http://www.postimees.ee/3730337/reps-kirjas-erakonnakaaslastele-meie-huvides-on-head-suhted-venemaaga?utm_source=pm_fb&utm_medium=wallpost&utm_content=3730337&utm_campaign=fb_post,2016-06-13 14:45:00,28,15,1,21,0,0,0,3,4,0
115634898452178_1345809212101401,Tallinna kesklinnas langes eile öösel Vana-Viru tänaval asuvas klubis agressiivselt käitunud meest ära viima tulnud üks politseinikest rünnaku ohvriks.,Purjus mees ründas politseinikku,link,http://tallinncity.postimees.ee/3731517/purjus-mees-politseinikku?utm_source=pm_fb&utm_medium=wallpost&utm_content=3731517&utm_campaign=fb_post,2016-06-13 14:30:00,11,6,2,7,0,0,1,0,3,0
115634898452178_1345803488768640,"Politseil õnnestus täna õhtul leida üles 15-aastane Grete, kellega lähedastel reede õhtust alates polnud õnnestunud ühendust saada.",15-aastane Grete leiti üles,link,http://www.postimees.ee/3730059/15-aastane-grete-leiti-ules?utm_source=pm_fb&utm_medium=wallpost&utm_content=3730059&utm_campaign=fb_post,2016-06-13 14:15:00,254,14,36,246,4,0,0,0,4,0
115634898452178_1345787825436873,"Alkoholipudelitele pole kohustuslik märkida joogi kaloraaži, mistõttu jääb selgusetuks, kui palju kaloreid endale baaris õlut libistades või rannas kokteili limpsides sisse jood.","Vaata, kui palju kaloreid endale alkoholiga «sisse jood»",link,http://tarbija24.postimees.ee/3730429/vaata-kui-palju-kaloreid-endale-alkoholiga-sisse-jood?utm_source=pm_fb&utm_medium=wallpost&utm_content=3730429&utm_campaign=fb_post,2016-06-13 14:00:00,91,8,101,81,1,8,1,0,0,0
115634898452178_1345774678771521,,Katse: söögikohad ei vaevu avaldama infot toiteväärtuse kohta,link,http://tarbija24.postimees.ee/3728111/katse-soogikohad-ei-vaevu-avaldama-infot-toitevaartuse-kohta?utm_source=pm_fb&utm_medium=wallpost&utm_content=3728111&utm_campaign=fb_post,2016-06-13 13:45:00,5,1,1,5,0,0,0,0,0,0
115634898452178_1345744432107879,"Süüria konflikti eest naaberriiki Türki põgenenud tuhandete laste töötingimused sarnanevad orjade omale, kirjutas veebiväljaanne EUobserver täna avaldatud artiklis.",Väljaanne: Süüria põgenikest lapsed töötavad nagu orjad,link,http://maailm.postimees.ee/3731343/valjaanne-suuria-pogenikest-lapsed-tootavad-nagu-orjad?utm_source=pm_fb&utm_medium=wallpost&utm_content=3731343&utm_campaign=fb_post,2016-06-13 13:30:00,6,3,5,5,0,0,0,0,1,0
115634898452178_1345743415441314,"Kui riided lähevad suvel õhemaks, siis rasvakiht enamasti mitte ja puhkuse ajal kipub kaal pigem tõusma. Grillipeod, piknikud ja tänavakohvikud jätavad oma jälje ja teevad suve raskeks.","Maitsvad suvised toidud, millega kaalust alla võtta",link,http://naine24.postimees.ee/3731341/maitsvad-suvised-toidud-millega-kaalust-alla-votta?utm_source=pm_fb&utm_medium=wallpost&utm_content=3731341&utm_campaign=fb_post,2016-06-13 13:15:00,42,1,17,40,1,1,0,0,0,0
115634898452178_1345742932108029,,"3 lihtsat nippi, kuidas tuvastada, kas arbuus on küps",link,http://elu24.postimees.ee/3731011/3-lihtsat-nippi-kuidas-tuvastada-kas-arbuus-on-kups?utm_source=pm_fb&utm_medium=wallpost&utm_content=3731011&utm_campaign=fb_post,2016-06-13 13:00:00,60,2,36,54,1,3,0,1,1,0
115634898452178_1345743212108001,"Alates 20. maist peavad tubakatoodetel olema hoiatavad pildid. Uute pilthoiatuste kasutamine on kohustuslik sigarettide ja suitsetamistubaka, sealhulgas vesipiibutubaka pakenditel.",Piltuudis: esimesed kolepiltidega suitsupakid jõudsid Eestis müügile,link,http://tarbija24.postimees.ee/3731385/piltuudis-esimesed-kolepiltidega-suitsupakid-joudsid-eestis-muugile?utm_source=pm_fb&utm_medium=wallpost&utm_content=3731385&utm_campaign=fb_post,2016-06-13 12:45:00,288,42,76,243,1,9,29,2,4,0
115634898452178_1345742575441398,Vahur Kersna kevadel võetud imearmas koer Nöhvik sai rahvusvahelisel koertenäitusel Lätis teise koha.,Vahur Kersna imearmas koerake sai rahvusvahelisel koertenäitusel teise koha,link,http://elu24.postimees.ee/3730897/vahur-kersna-imearmas-koerake-sai-rahvusvahelisel-koertenaitusel-teise-koha?utm_source=pm_fb&utm_medium=wallpost&utm_content=3730897&utm_campaign=fb_post,2016-06-13 12:30:00,474,13,4,454,9,11,1,0,0,0
115634898452178_1345720722110250,"Politsei sai täna kell 17.20 teate Harjumaal juhtunud liiklusõnnetusest, kus esialgseil andmeil terviserikke tõttu kurvist välja sõitnud juhi autos hukkus kaasreisija.","Juht sõitis terviserikke tõttu autoga teelt välja, hukkus kaasreisija",link,http://tallinncity.postimees.ee/3731321/juht-soitis-terviserikke-tottu-autoga-teelt-valja-hukkus-kaasreisija?utm_source=pm_fb&utm_medium=wallpost&utm_content=3731321&utm_campaign=fb_post,2016-06-13 12:15:01,28,0,3,13,1,0,0,14,0,0
115634898452178_1345719042110418,,Millised toidud soodustavad seedimist?,link,http://naine24.postimees.ee/3731101/millised-toidud-soodustavad-seedimist?utm_source=pm_fb&utm_medium=wallpost&utm_content=3731101&utm_campaign=fb_post,2016-06-13 12:00:00,11,0,3,10,1,0,0,0,0,0
115634898452178_1345718778777111,"Ilmateenistuse prognoosi järgi tuleb alanud nädalal sooja kuni 24 kraadi, kuid mitte kõik päevad pole päikeselised - oodata on ka vihma, äikest ja tugevat tuult.","Alanud nädal toob kuni 24 kraadi sooja, vihmahooge ja äikest",link,http://ilmajaam.postimees.ee/3730105/alanud-nadal-toob-kuni-24-kraadi-sooja-vihmahooge-ja-aikest?_ga=1.13929463.1144324660.1465601652&utm_source=pm_fb&utm_medium=wallpost&utm_content=3730105&utm_campaign=fb_post,2016-06-13 11:45:00,136,6,26,121,5,3,1,6,0,0
115634898452178_1345664878782501,"Toiduainete üleküpsemise ja seeläbi minema viskamise vältimiseks tasub järgida mõnd soovitust, et need kauem värske ja maitsvana säiliks.","Kasulikke nippe, kuidas toiduaineid kauem värskena hoida",link,http://tarbija24.postimees.ee/3730735/kasulikke-nippe-kuidas-toiduaineid-kauem-varskena-hoida?utm_source=pm_fb&utm_medium=wallpost&utm_content=3730735&utm_campaign=fb_post,2016-06-13 11:30:00,3,0,7,3,0,0,0,0,0,0
115634898452178_1345664698782519,"22. mai pärastlõunal läks Soomest Kukrusele sugulastele külla sõitnud Andrei jalutama ning jäi seejärel kadunuks. Politsei teatas täna, et mees leiti surnuna.",Mai lõpus kadunud mees leiti surnuna,link,http://www.postimees.ee/3707213/mai-lopus-kadunud-mees-leiti-surnuna?utm_source=pm_fb&utm_medium=wallpost&utm_content=3707213&utm_campaign=fb_post,2016-06-13 11:15:00,23,3,15,12,0,0,0,11,0,0
115634898452178_1345664485449207,Ameeriklasest MMA võitleja Ivan Cole mängis laupäeval oma korteris vene ruletti ning tegi enesetapu.,Halb õnn vene ruletis maksis MMA-võitleja elu,link,http://sport.postimees.ee/3730901/halb-onn-vene-ruletis-maksis-mma-voitleja-elu?utm_source=pm_fb&utm_medium=wallpost&utm_content=3730901&utm_campaign=fb_post,2016-06-13 11:00:00,44,9,17,26,0,10,1,6,1,0
115634898452178_1345602982122024,"Kana Monique ja tema peremees Guirec Soudée on tandem, kes on otsustanud koos maailmale tiiru peale teha.",Video: õnnelik kana reisib koos peremehega mööda maailma,link,http://lemmik.postimees.ee/3730777/video-onnelik-kana-reisib-koos-peremehega-mooda-maailma?utm_source=pm_fb&utm_medium=wallpost&utm_content=3730777&utm_campaign=fb_post,2016-06-13 10:45:00,61,0,9,52,1,1,7,0,0,0
115634898452178_1345601148788874,"Vaatamata sellele, et Titanicu reis lõppes 104 aastat tagasi katastroofiga, on tegu ilmselt kõige luksuslikuma laevaga läbi ajaloo.",Mida oleks saanud Titanicu kõige kallima pileti eest?,link,http://reis.postimees.ee/3730507/mida-oleks-saanud-titanicu-koige-kallima-pileti-eest?utm_source=pm_fb&utm_medium=wallpost&utm_content=3730507&utm_campaign=fb_post,2016-06-13 10:30:00,20,1,3,20,0,0,0,0,0,0
115634898452178_1345600775455578,Viljandi–Ramsi teel Sinialliku oja juures läks viljakoormaga sõidukil luuk lahti. Mahapudenenud vili mattis suure osa teest paarisaja meetri ulatuses enda alla.,Pildid: koormast pääsenud vili võttis maantee enda alla,link,http://sakala.postimees.ee/3730863/pildid-koormast-paasenud-vili-vottis-maantee-enda-alla?_ga=1.8710389.1144324660.1465601652&utm_source=pm_fb&utm_medium=wallpost&utm_content=3730863&utm_campaign=fb_post,2016-06-13 10:15:00,29,4,20,22,0,3,2,2,0,0
115634898452178_1313696041979385,"Vahvat õhtut!
---
See Briti pikakarvaline kiisu on tõeline proff kaamera ees poseerimises ja näeb fotodel igast küljest täiesti suurepärane välja! Smoothie ülimat fotogeenilisust tõestab ka fakt, et vahval karvakeral on Instagramis juba üle 100,000 jälgija! Neid nunnusid fotosid vaadates pead ka ise kindlasti tõdema, et tegu on ühe tõeliselt ilusa isendiga!",Saa tuttavaks Smoothie'ga – kõige fotogeenilisema kassiga maailmas!,link,http://meeldib.postimees.ee/2016/04/saa-tuttavaks-smoothiega-koige-fotogeenilisema-kassiga-maailmas/?utm_source=pm_fb&utm_medium=wallpost&utm_campaign=meeldib,2016-06-13 10:10:00,539,9,31,497,38,4,0,0,0,0
115634898452178_1345549308794058,"Vaata, kui kõrgele, kaugele ja sügavale on inimene läinud",Kus on inimkeha piirid?,link,http://tehnika.postimees.ee/3730659/kus-on-inimkeha-piirid?utm_source=pm_fb&utm_medium=wallpost&utm_content=3730659&utm_campaign=fb_post,2016-06-13 10:00:00,11,0,2,11,0,0,0,0,0,0
115634898452178_1345548692127453,"Teadmatuse tõttu võime igapäevastest pisitoimetustest rohkem kahju kui kasu saada, kirjutab liigume.ee. Ka hammaste pesu võib mingil ajal olla ebatervislik.",Millal kindlasti ei tasu hambaid pesta,link,http://naine24.postimees.ee/3730539/millal-kindlasti-ei-tasu-hambaid-pesta?utm_source=pm_fb&utm_medium=wallpost&utm_content=3730539&utm_campaign=fb_post,2016-06-13 09:45:00,57,4,50,54,0,1,2,0,0,0
115634898452178_1345548205460835,,"Lugejakiri: kas on normaalne, et ennast täis roojanud ja haisvad joodikud magavad kõnniteedel?",link,http://arvamus.postimees.ee/3730663/lugejakiri-kas-on-normaalne-et-ennast-tais-roojanud-ja-haisvad-joodikud-magavad-konniteedel?utm_source=pm_fb&utm_medium=wallpost&utm_content=3730663&utm_campaign=fb_post,2016-06-13 09:30:00,35,21,13,24,0,0,0,1,10,0
115634898452178_1345548528794136,"Tervet arbuusi ostes ei tea kunagi, mis sind ees võib oodata. Võib juhtuda, et kuigi müüja lubas, et arbuus on seemneteta, on seal siiski seemned sees või on arbuus seest nii hele, et tekib tunne, justkui said poest sootuks toore arbuusi.",Kuidas leida üles kõige magusam ja maitsvam arbuus? -,link,http://naine24.postimees.ee/3730675/kuidas-leida-ules-koige-magusam-ja-maitsvam-arbuus?utm_source=pm_fb&utm_medium=wallpost&utm_content=3730675&utm_campaign=fb_post,2016-06-13 09:15:00,30,2,32,30,0,0,0,0,0,0
115634898452178_1345533668795622,President Toomas Hendrik Ilves jättis täna allkirjastatud otsusega rahuldamata 21 süüdimõistetud kurjategija armuandmispalved.,Ilves jättis 21 kurjategija armuandmispalved rahuldamata,link,http://www.postimees.ee/3730635/ilves-jattis-21-kurjategija-armuandmispalved-rahuldamata?utm_source=pm_fb&utm_medium=wallpost&utm_content=3730635&utm_campaign=fb_post,2016-06-13 09:00:00,132,7,9,126,6,0,0,0,0,0
115634898452178_1345532642129058,Tänapäeval lükkavad noored lapse saamist edasi ning võtavad selle asemel hoopis koera või kassi. Kuid miks see nii on?,Miks asendavad inimesed lapse lemmikloomaga?,link,http://lemmik.postimees.ee/3730531/miks-asendavad-inimesed-lapse-lemmikloomaga?utm_source=pm_fb&utm_medium=wallpost&utm_content=3730531&utm_campaign=fb_post,2016-06-13 08:45:00,17,13,7,17,0,0,0,0,0,0
115634898452178_1345639748785014,Postimehele teadaolevalt osutus info röövi kohta vääraks ning tegu oli vaid poissmeestepeo algusega.,Rööv Tartus osutus poissmeestepeoks,link,http://www.postimees.ee/3730765/roov-tartus-osutus-poissmeestepeoks?utm_source=pm_fb&utm_medium=wallpost&utm_content=3730765&utm_campaign=fb_post,2016-06-13 08:44:47,156,8,22,101,2,5,47,1,0,0
115634898452178_1345532328795756,"Homme, 14. juunil on Eestis lipu- ja üleriigiline leinapäev, mille puhul heiskavad Eesti lipu leinalipuna kõik riigi- ja kohaliku omavalitsuse asutused ning avalik-õiguslikud juriidilised isikud.",Homme heisatakse küüditamisohvrite mälestuseks leinalipud,link,http://www.postimees.ee/3730605/homme-heisatakse-kuuditamisohvrite-malestuseks-leinalipud?utm_source=pm_fb&utm_medium=wallpost&utm_content=3730605&utm_campaign=fb_post,2016-06-13 08:30:00,37,0,19,26,2,0,0,7,2,0
115634898452178_1345529475462708,"PERHi juhatuse esimehele Tõnis Allikule tõi kahtlustuse kelmuses, omastamises ja pistise võtmises iga-aastane kliendiüritus, milleks oli Oktoberfesti külastus.",Allikule tõi kahtlustuse Oktoberfesti külastus,link,http://majandus24.postimees.ee/3730557/allikule-toi-kahtlustuse-oktoberfesti-kulastus?utm_source=pm_fb&utm_medium=wallpost&utm_content=3730557&utm_campaign=fb_post,2016-06-13 08:15:00,3,0,2,2,0,0,1,0,0,0
115634898452178_1345488865466769,"Ameerika Ühendriikide suurlinnades tuleb tihti ette, et ummikutes istumine võtab tunde, mistõttu on nüüd jõutud sammukese lähemale õhutaksode kasutusele võtule.",Las Vegases hakkavad sõitma lendavad taksod,link,http://reis.postimees.ee/3730419/las-vegases-hakkavad-soitma-lendavad-taksod?utm_source=pm_fb&utm_medium=wallpost&utm_content=3730419&utm_campaign=fb_post,2016-06-13 07:30:00,126,4,18,107,0,17,2,0,0,0
115634898452178_1345578715457784,"Postimehe toimetusse helistas täna hommikul pealtnägija, kelle sõnul maskides mehed kellegi eile õhtul auto pagasiruumi toppisid.",Tartus võidi relvaähvardusel röövida mees,link,http://www.postimees.ee/3730765/tartus-voidi-relvaahvardusel-roovida-mees?utm_source=pm_fb&utm_medium=wallpost&utm_content=3730765&utm_campaign=fb_post,2016-06-13 07:16:49,22,9,23,15,0,2,4,0,1,0
115634898452178_1345524125463243,"Ehted on isikupära rõhutajad ning annavad kandjale võimaluse jutustada oma lugu: avada oma isiksust, tutvustada oma stiili ja maitset, tunda end vaba, enesekindla ning kaunina.",Milliseid ehteid lõpetamisel kanda?,link,http://naine24.postimees.ee/3730471/milliseid-ehteid-lopetamisel-kanda?utm_source=pm_fb&utm_medium=wallpost&utm_content=3730471&utm_campaign=fb_post,2016-06-13 07:15:00,0,0,1,0,0,0,0,0,0,0
115634898452178_1345473888801600,"Külili magamisel on mitmeid eeliseid ja see võib olla tervisele kasulik. Näiteks on see magamisasend hea neile, keda kurnab happe tagasivool. Ka eelistavad külili magamist paljud seljaprobleemidega inimesed.","Viis soovitust neile, kes magavad aina külili",link,http://naine24.postimees.ee/3730355/viis-soovitust-neile-kes-magavad-aina-kulili?utm_source=pm_fb&utm_medium=wallpost&utm_content=3730355&utm_campaign=fb_post,2016-06-13 07:00:00,60,3,30,60,0,0,0,0,0,0
115634898452178_1345482408800748,Öise valgusreostuse käes kannatab pea 80% planeedist ning kolmandik maailma inimestest valguse tõttu galaktikat ei näegi.,"Suur kaart: vaata, kus on öösel kõige valgem",link,http://tehnika.postimees.ee/3730289/suur-kaart-vaata-kus-on-oosel-koige-valgem?utm_source=pm_fb&utm_medium=wallpost&utm_content=3730289&utm_campaign=fb_post,2016-06-13 06:45:00,6,2,3,6,0,0,0,0,0,0
115634898452178_1345460425469613,"On kindlaks tehtud, et enneaegselt sündinud lastel võib esineda terviseprobleeme, kuid üsna vähe on uuritud, kuidas mõjub lapsele see, kui ta on ema kõhus ettenähtud ajast kauem.",Teadlased leidsid seose lapse sünniaja ja intelligentsuse vahel,link,http://naine24.postimees.ee/3730297/teadlased-leidsid-seose-lapse-sunniaja-ja-intelligentsuse-vahel?utm_source=pm_fb&utm_medium=wallpost&utm_content=3730297&utm_campaign=fb_post,2016-06-13 06:30:00,45,4,39,38,1,5,1,0,0,0
115634898452178_1345473558801633,"Koer Frankie ja väike küülik Dylan on lahutamatud kaaslased, kelle sõpruse algus ei olnud kergemate killast.",Armsad pildid: küülik ja koer on parimad sõbrad,link,http://lemmik.postimees.ee/3730295/armsad-pildid-kuulik-ja-koer-on-parimad-sobrad?utm_source=pm_fb&utm_medium=wallpost&utm_content=3730295&utm_campaign=fb_post,2016-06-13 06:15:00,20,0,3,18,2,0,0,0,0,0
115634898452178_1345460128802976,"Tartu kavandab lasteaia kohatasu tõusu pidurdamist ja soodushinda pere teisele lasteaiaealisele lapsele, sellise eelnõu esitas linnavalitsus volikogule eelmisel nädalal.",Tartu lükkab lasteaiatasu tõusu aasta võrra edasi,link,http://tartu.postimees.ee/3730291/tartu-lukkab-lasteaiatasu-tousu-aasta-vorra-edasi?utm_source=pm_fb&utm_medium=wallpost&utm_content=3730291&utm_campaign=fb_post,2016-06-13 06:00:00,56,0,22,56,0,0,0,0,0,0
115634898452178_1345459945469661,"Tüli ühes Tartu meelelahutusasutuses paisus nii tõsiseks vägivallatsemiseks, et asutuse turvamees pidi pöörduma traumapunkti.",Joobes naine tümitas turvameest,link,http://tartu.postimees.ee/3730323/joobes-naine-tumitas-turvameest?utm_source=pm_fb&utm_medium=wallpost&utm_content=3730323&utm_campaign=fb_post,2016-06-13 05:30:00,58,9,7,33,0,10,15,0,0,0
115634898452178_1345442182138104,,Kui palju raha Pardiralliga koguti?,link,http://tervis.postimees.ee/3730247/kui-palju-raha-pardiralliga-koguti?utm_source=pm_fb&utm_medium=wallpost&utm_content=3730247&utm_campaign=fb_post,2016-06-13 04:30:00,17,0,1,17,0,0,0,0,0,0
115634898452178_1345488395466816,"Põhja-Eesti Regionaalhaigla juhatuse esimees Tõnis Allik, ettevõtte infotehnoloogia direktor Marko Kilk ja toitlustujuht Anu Vähi on saanud kahtlustuse omastamises, kelmuses ja pistise võtmises.",PERH-i juhte kahtlustatakse omastamises ja pistise võtmises,link,http://majandus24.postimees.ee/3730399/perh-i-juhte-kahtlustatakse-omastamises-ja-pistise-votmises?utm_source=pm_fb&utm_medium=wallpost&utm_content=3730399&utm_campaign=fb_post,2016-06-13 04:04:59,32,4,20,18,0,6,1,1,6,0
115634898452178_1345441882138134,"USAs New Yorgis lülitati ikoonolisel Empire State Buildingul eile öösel välja enamik tulesid, mälestamaks Orlando geiklubi massitulistamises surma saanud inimesi.",Piltuudis: Empire State Building läks massitulistamise ohvrite mälestuseks pimedaks,link,http://maailm.postimees.ee/3730223/piltuudis-empire-state-building-laks-massitulistamise-ohvrite-malestuseks-pimedaks?utm_source=pm_fb&utm_medium=wallpost&utm_content=3730223&utm_campaign=fb_post,2016-06-13 04:00:00,11,0,1,10,0,1,0,0,0,0
115634898452178_1345472825468373,Itaallasest linnapea Francesco Garafolo proovis Facebookis oma rahahädades vaevlevat linna müüa ning meelitada hiinlastest investoreid.,Itaallasest linnapea müüs Facebooki kaudu oma linna,link,http://majandus24.postimees.ee/3730329/itaallasest-linnapea-muus-facebooki-kaudu-oma-linna?utm_source=pm_fb&utm_medium=wallpost&utm_content=3730329&utm_campaign=fb_post,2016-06-13 03:45:00,23,1,3,12,0,2,8,0,1,0
115634898452178_1345441728804816,«Töökoha lähedale tuleb doonoritelk ja soovin kasutada võimalust vereandmiseks. Kas ma võin töö ajal verd minna andma?» kirjutas lugeja.,Lugeja küsib: kas ma võin töö ajal verd minna andma?,link,http://tarbija24.postimees.ee/3730183/lugeja-kusib-kas-ma-voin-too-ajal-verd-minna-andma?utm_source=pm_fb&utm_medium=wallpost&utm_content=3730183&utm_campaign=fb_post,2016-06-13 03:30:00,12,2,3,12,0,0,0,0,0,0
115634898452178_1345472678801721,Prantsusmaal peetaval jalgpalli EMil hukkus Prantsusmaa televisiooni teatel üks Põhja-Iirimaa koondise fänn.,Jalgpalli EMil sai fänn surma,link,http://sport.postimees.ee/3730333/jalgpalli-emil-sai-fann-surma?utm_source=pm_fb&utm_medium=wallpost&utm_content=3730333&utm_campaign=fb_post,2016-06-13 03:20:05,42,2,8,22,0,4,0,14,2,0
115634898452178_1345391778809811,"Harjumaal said kahes liiklusõnnetuses viga kergliiklusteel liikunud jalgratturid, kellele autod ei andnud teed ja sõitsid otsa.",Kergliiklusteel sõitnud jalgratturid jäid auto alla,link,http://tallinncity.postimees.ee/3730119/kergliiklusteel-soitnud-jalgratturid-jaid-auto-alla?utm_source=pm_fb&utm_medium=wallpost&utm_content=3730119&utm_campaign=fb_post,2016-06-13 03:00:00,5,0,5,2,0,1,0,0,2,0
115634898452178_1345459862136336,"Austraallanne Kayley Burke postitas mõne päeva eest Facebookis hirmutavad pildid oma haigest lapsest, et teistele lapsevanematele laste vaktsineerimise vajadust südamele panna. Pildid võivad olla häirivad!",Hirmutavad pildid: seda teevad väikese beebiga tuulerõuged,link,http://tervis.postimees.ee/3730327/hirmutavad-pildid-seda-teevad-vaikese-beebiga-tuulerouged?utm_source=pm_fb&utm_medium=wallpost&utm_content=3730327&utm_campaign=fb_post,2016-06-13 02:44:27,138,38,117,38,0,10,0,88,2,0
115634898452178_1345391602143162,"Põlvamaal sai surma 83-aastane mees, kes sõitis teelt välja vastu puud.",Autoga vastu puud sõitnud eakas mees hukkus,link,http://www.postimees.ee/3730117/autoga-vastu-puud-soitnud-eakas-mees-hukkus?utm_source=pm_fb&utm_medium=wallpost&utm_content=3730117&utm_campaign=fb_post,2016-06-13 02:30:00,13,4,4,5,0,0,0,6,2,0
115634898452178_1345391482143174,Alanud nädal toob taas üle 20-kraadise sooja ning ka ööd lähevad vähehaaval soojemaks.,Alanud nädal toob taas suvisemad ilmad,link,http://ilmajaam.postimees.ee/3730105/alanud-nadal-toob-taas-suvisemad-ilmad?_ga=1.117949257.1144324660.1465601652&utm_source=pm_fb&utm_medium=wallpost&utm_content=3730105&utm_campaign=fb_post,2016-06-13 02:00:00,453,1,54,434,14,0,3,2,0,0
115634898452178_1345421905473465,"Lääne päästekeskuse valvepressiesindaja teadmist mööda helistas häirekeskusesse teinegi inimene, kes oli leidnud oma paadi alt sõukruvi küljest inimese pea.",Politsei tuvastas Pärnu jõest välja toodud ilma peata surnukeha isiku,link,http://parnu.postimees.ee/3729785/politsei-tuvastas-parnu-joest-valja-toodud-ilma-peata-surnukeha-isiku?_ga=1.231739359.1920872391.1434552015,2016-06-13 01:17:01,134,8,64,60,0,22,3,48,1,0
115634898452178_1345390892143233,USA vabariiklaste eeldatav presidendikandidaat Donald Trump kasutas Orlando veresauna pühapäeval kohe oma valimiskampaanias ära.,Trump kasutas Orlando veresauna kohe oma kampaanias ära,link,http://maailm.postimees.ee/3730115/trump-kasutas-orlando-veresauna-kohe-oma-kampaanias-ara?utm_source=pm_fb&utm_medium=wallpost&utm_content=3730115&utm_campaign=fb_post,2016-06-13 01:00:00,43,13,1,21,0,0,2,0,20,0
115634898452178_1332606926754963,Sõbralikku esmaspäeva!,Naise jutu kuulamine,link,http://meeldib.postimees.ee/2015/10/naise-jutu-kuulamine/?utm_source=pm_fb&utm_medium=wallpost&utm_campaign=meeldib,2016-06-13 00:10:00,234,8,56,191,1,0,42,0,0,0
115634898452178_1345196135496042,"Lux Expressi uued bussid ei sõida enam vuhisedes Tallinnast Tartusse, vaid teevad peatusi kohtades, kus reisijate peale tuleku tõenäosus on pea olematu. Sellised fantoompeatused on riigi poolt peale sunnitud valik.",Riik sundis bussifirmasid fantoompeatusi tegema,link,http://tarbija24.postimees.ee/3729583/riik-sundis-bussifirmasid-fantoompeatusi-tegema?utm_source=pm_fb&utm_medium=wallpost&utm_content=3729583&utm_campaign=fb_post,2016-06-12 16:03:47,114,22,31,72,0,14,17,6,5,0
115634898452178_1345066408842348,"Müügiloa hoidjad on teatanud, et apteekidest võivad otsa saada üks B-hepatiidi ja üks kõrgvererõhktõve ravimiseks kasutatav ravim.",Kahte ravimit lähiajal apteegist saada ei pruugi,link,http://tervis.postimees.ee/3729981/kahte-ravimit-lahiajal-apteegist-saada-ei-pruugi?utm_source=pm_fb&utm_medium=wallpost&utm_content=3729981&utm_campaign=fb_post,2016-06-12 15:00:00,16,4,15,10,0,5,0,0,1,0
115634898452178_1345025248846464,"Euroopa jalgpalli katuseorganisatsioon UEFA hoiatas Venemaa ja Inglismaa jalgpalliliite: kui nende fännid peaksid veelkord vägivaldse käitumisega silma jääma, siis võidakse Venemaa ja Inglismaa koondised EMilt diskvalifitseerida.",UEFA ähvardab Venemaa ja Inglismaa EMilt diskvalifitseerida,link,http://sport.postimees.ee/3729923/uefa-ahvardab-venemaa-ja-inglismaa-emilt-diskvalifitseerida?utm_source=pm_fb&utm_medium=wallpost&utm_content=3729923&utm_campaign=fb_post,2016-06-12 14:30:00,109,8,13,95,0,2,11,1,0,0
115634898452178_1345132522169070,"Reede, 10. juuni keskpäeval jäi Pärnu maakonnas, Kilingi-Nõmme ja Pärnu vahelises alas teadmata kadunuks 15-aastane Grete, teatas kadunud inimeste otsimisega tegelev SA Kadunud sotsiaalmeedia vahendusel.",SA Kadunud palub abi 15-aastase Grete leidmisel,link,http://www.postimees.ee/3730059/sa-kadunud-palub-abi-15-aastase-grete-leidmisel?utm_source=pm_fb&utm_medium=wallpost&utm_content=3730059&utm_campaign=fb_post,2016-06-12 14:13:11,41,7,776,19,1,1,0,20,0,0
115634898452178_1344970825518573,"Mängu varjutas aga fännide käitumine, kelle vahel tekkisid löömingud juba enne matši ning sama tegevusega jätkati ka öötundidel. Internetis levib aga video, kus on näha, kuidas mängu ajal lendas üle väljakul inglaste suunas rakett, mis väidetavalt saadeti teele Venemaa fännisektorist.",Video: rakett lendab üle staadioni Inglismaa fännide suunas,link,http://sport.postimees.ee/3729827/video-rakett-lendab-ule-staadioni-inglismaa-fannide-suunas?utm_source=pm_fb&utm_medium=wallpost&utm_content=3729827&utm_campaign=fb_post,2016-06-12 14:00:00,26,4,4,15,0,2,0,1,8,0
115634898452178_1344970348851954,Politsei sai täna öösel kella 1 paiku teate öörahu rikkumisest Tallinnas Sakala tänaval asuvas korterelamus.,Fotod ja video: politsei tabas lärmakalt alaealiste korteripeolt üle kümne joobes noore,link,http://tallinncity.postimees.ee/3729857/fotod-ja-video-politsei-tabas-larmakalt-alaealiste-korteripeolt-ule-kumne-joobes-noore?utm_source=pm_fb&utm_medium=wallpost&utm_content=3729857&utm_campaign=fb_post,2016-06-12 13:30:00,96,5,39,76,0,1,13,1,5,0
115634898452178_1345081522174170,"Omar Saddiqui Mateen on mees, kes avas täna öösel tule ühes Orlando geiklubis, tappes vähemalt 50 ja haavates veel kümneid inimesi ütlesid ametnikud CNNile, vahendab KTLA5.",Kes on arvatav massitulistaja Omar Mateen?,link,http://maailm.postimees.ee/3730019/kes-on-arvatav-massitulistaja-omar-mateen?utm_source=pm_fb&utm_medium=wallpost&utm_content=3730019&utm_campaign=fb_post,2016-06-12 13:15:00,17,9,4,11,0,0,1,5,0,0
115634898452178_1344968695518786,"Endine jumestuskunstnik Molly Robbins õppis omal käel koogikunstnikuks ja on noorele vanusele vaatamata väga osav. Nüüd teenib 25-aastane Briti naine leiba sellega, et teeb väga eriskummalise välimusega torte.",Vaata ja imesta: noor pagar teeb erilise väljanägemisega torte,link,http://naine24.postimees.ee/3729821/vaata-ja-imesta-noor-pagar-teeb-erilise-valjanagemisega-torte?utm_source=pm_fb&utm_medium=wallpost&utm_content=3729821&utm_campaign=fb_post,2016-06-12 13:00:00,282,6,45,259,3,14,6,0,0,0
115634898452178_1345066805508975,"Munitsipaalpolitsei kesklinna ametnikud kinnitavad, et jätkavad inimesi häirivate kerjuste tõrjumist kesklinnast. Hiljutisel kontrollkäigul selgus, et varasemast tuttav vanamemme riietes naine oli end sisse seadnud Raekoja platsil.",Mupo inspektor: petturitest kerjustel on oma «turvamehed» ja nad käivad õhtuti poodlemas,link,http://tallinncity.postimees.ee/3729991/mupo-inspektor-petturitest-kerjustel-on-oma-turvamehed-ja-nad-kaivad-ohtuti-poodlemas?utm_source=pm_fb&utm_medium=wallpost&utm_content=3729991&utm_campaign=fb_post,2016-06-12 12:45:00,24,6,10,19,0,1,0,0,4,0
115634898452178_1344968562185466,"Välisminister Marina Kaljurand ütles täna Reformierakonna üldkogul peetud kõnes, et Eestis on kohati ülemäärast agressiivsust ning tänitamine on muutumas taktikaks ja solvamine strateegiaks.",Kaljurand: Eestis on tänitamine muutumas taktikaks ja solvamine strateegiaks,link,http://www.postimees.ee/3729819/kaljurand-eestis-on-tanitamine-muutumas-taktikaks-ja-solvamine-strateegiaks?utm_source=pm_fb&utm_medium=wallpost&utm_content=3729819&utm_campaign=fb_post,2016-06-12 12:30:00,94,24,9,72,1,2,1,11,7,0
115634898452178_1344898418859147,"Tartust Otepääle sõites pakub vasakul pool teed silmailu imekaunis Pangodi järv, paremal künka otsas kõrgub aga omapärase ümara kuju ja rohke klaasipinnaga Kalarestoran.",Kodumaine kala ja imeline järvevaade pealekauba,link,http://naine24.postimees.ee/3722411/kodumaine-kala-ja-imeline-jarvevaade-pealekauba?utm_source=pm_fb&utm_medium=wallpost&utm_content=3722411&utm_campaign=fb_post,2016-06-12 12:00:00,119,2,7,118,0,1,0,0,0,0
115634898452178_1345026165513039,"Orlando kesklinnas avas relvastatud isik pühapäeva varahommikul tule homoklubis ja võttis pantvange, lisaks tulistajale hukkus vähemalt 50 ning haiglasse viidi 53 inimest. CBS teatas politsei allikatele tuginedes, et massimõrtsukas oli 29-aastane Omar Mateen, kes on USA kodanik. Tema vanemad on pärit Afganistanist.",Fotod ja video: Florida geiklubi massitulistamises sai surma vähemalt 50 ja vigastada 53 inimest,link,http://maailm.postimees.ee/3729613/florida-ooklubis-toimus-tulistamine-surma-sai-vahemalt-50-inimest?utm_source=pm_fb&utm_medium=wallpost&utm_content=3729613&utm_campaign=fb_post,2016-06-12 11:45:00,56,3,6,22,0,3,0,25,6,0
115634898452178_1344897382192584,"Reede hilisõhtust alates on Tartu- ja Jõgevamaad tabanud tihedad sajuhood, laupäeval kallas Tartus peaaegu terve päeva.",Koerailm Tartus saab homme lõpu,link,http://tartu.postimees.ee/3729747/koerailm-tartus-saab-homme-lopu?utm_source=pm_fb&utm_medium=wallpost&utm_content=3729747&utm_campaign=fb_post,2016-06-12 11:30:00,63,3,4,58,0,4,0,1,0,0
115634898452178_1345028445512811,Postimehe vahendusel saab pühapäeval vaadata Jõgeval peetavat II Eesti Naiste Tantsupidu pealkirjaga «MeheLugu».,Otse: Eesti naiste tantsupidu Jõgeval,link,http://www.postimees.ee/3728715/otse-eesti-naiste-tantsupidu-jogeval?utm_source=pm_fb&utm_medium=wallpost&utm_content=3728715&utm_campaign=fb_post,2016-06-12 11:08:40,196,10,16,196,0,0,0,0,0,0
115634898452178_1344897188859270,"Siim Kallas ütles täna toimunud Reformierakonna üldkogul, et Eesti peaks viima oma kodakondsuspoliitika põhiseadusega kooskõlla ning seadustama topeltkodakondsuse.",Siim Kallas: Eesti peab seadustama topeltkodakondsuse,link,http://www.postimees.ee/3729729/siim-kallas-eesti-peab-seadustama-topeltkodakondsuse?utm_source=pm_fb&utm_medium=wallpost&utm_content=3729729&utm_campaign=fb_post,2016-06-12 11:00:00,132,26,2,108,1,9,6,2,6,0
115634898452178_1331930196822636,"Südamlikku õhtut!
---
Imearmas hüljatud rebasekutsikas Jupiter päästeti ühe heasüdamliku pere poolt ja toodi nende koju elama. Peres elav Austraalia karjakoer Moose võttis rebase otsekohe oma kaitsva tiiva alla ja nüüdseks on nad lahutamatud sõbrad, kes söövad koos, mängivad koos, magavad koos ja käivad õues koos. Jupiter annab endast parima, et koera tähelepanu võita ja käitub nii, nagu oleks ta temasse armunud. Vaata ja veendu ise, et tegu on tõeliselt vahvate sõpradega!","Südantsoojendav lugu päästetud rebasekutsikast, kelle perekoer enda hoole alla võtab!",link,http://meeldib.postimees.ee/2016/05/sudantsoojendav-lugu-paastetud-rebasekutsikast-kelle-perekoer-enda-hoole-alla-votab/?utm_source=pm_fb&utm_medium=wallpost&utm_campaign=meeldib,2016-06-12 10:10:00,195,2,21,179,16,0,0,0,0,0
115634898452178_1344840162198306,"Eesti Konservatiivse Rahvaerakonna (EKRE) esimees Mart Helme lubas tänasel kongressil, et kui temast saab erakonna presidendikandidaat, siis ta teeb kõik võimaliku, et jõuda Kadriorgu, kus saab riiki esindada «silmakirjalike vihakõnedeta, ilma ärmatamise, ilma nätsu närimiseta».",Mart Helme lubab Kadriorgu jõudes rahvast esindada ilma vihakõnedeta,link,http://www.postimees.ee/3729655/mart-helme-lubab-kadriorgu-joudes-rahvast-esindada-ilma-vihakonedeta?utm_source=pm_fb&utm_medium=wallpost&utm_content=3729655&utm_campaign=fb_post,2016-06-12 09:30:00,143,30,10,120,3,0,11,0,9,0
115634898452178_1344839648865024,"Täna jõuab Jõgeva linna staadionil pealtvaatajateni teine Eesti naiste tantsupidu «Mehe lugu», millest võtab osa 394 tantsurühma. Reedest alates on tantsijad teinud eelproove. Eile tuli tantsijatel harjutada tänaseks peost kohati tugevas vihmasajus, mis vapraid tantsijaid ei takistanud.",Videod: tantsupeolised ei lasknud proovis end vihmasest ilmast häirida,link,http://tartu.postimees.ee/3729693/videod-tantsupeolised-ei-lasknud-proovis-end-vihmasest-ilmast-hairida?utm_source=pm_fb&utm_medium=wallpost&utm_content=3729693&utm_campaign=fb_post,2016-06-12 09:00:00,246,3,5,243,2,1,0,0,0,0
115634898452178_1344806722201650,Varsti vahetavad Eesti peenramaadel küpsenud maasikad kaugemate maade sugulased välja. Rahvusooper Estonia peakokk Kalvi Sedrik ei pelga kombineerida maasikaid sealihaga ega lisada maasikatordi biskviidile spinatit.,Maasikas kohtub sealihaga,link,http://naine24.postimees.ee/3725321/maasikas-kohtub-sealihaga?utm_source=pm_fb&utm_medium=wallpost&utm_content=3725321&utm_campaign=fb_post,2016-06-12 08:30:00,15,6,1,11,2,2,0,0,0,0
115634898452178_1344896128859376,"Häirekeskus sai täna kell 15.22 teate, et Pärnu jões on inimese surnukeha. Päästjad leidsid jõest naise surnukeha.",Pärnu jõest leiti surnukeha,link,http://parnu.postimees.ee/3729785/parnu-joest-leiti-surnukeha?_ga=1.219646681.1144324660.1465601652&utm_source=pm_fb&utm_medium=wallpost&utm_content=3729785&utm_campaign=fb_post,2016-06-12 08:08:21,74,4,52,30,0,17,0,27,0,0
115634898452178_1344807232201599,"Kell 11 kogunes Pärnu kontserdimajja Eesti Konservatiivse Rahvaerakonna (EKRE) kongress, et valida erakonnale uued juhid ja vabariigi presidendi kandidaat.",Galerii: EKRE kongress otsustas presidendikandidaadiks esitada Mart Helme,link,http://parnu.postimees.ee/3729661/galerii-ekre-kongress-otsustas-presidendikandidaadiks-esitada-mart-helme?_ga=1.118997961.1144324660.1465601652&utm_source=pm_fb&utm_medium=wallpost&utm_content=3729661&utm_campaign=fb_post,2016-06-12 08:00:00,21,4,0,16,0,0,0,0,5,0
115634898452178_1344780878870901,,Kuidas reageerisid poliitikud Repsi võidule,link,http://www.postimees.ee/3729293/kuidas-reageerisid-poliitikud-repsi-voidule?utm_source=pm_fb&utm_medium=wallpost&utm_content=3729293&utm_campaign=fb_post,2016-06-12 07:00:00,21,3,1,17,0,0,3,1,0,0
115634898452178_1344715492210773,"Kui Hanna Ild oma pagariärisse töötajaid otsis, tuli kandideerinud inimestele üllatusena, et leiva küpsetamine pole rahulik kulgemine – iga minut ja liigutus on arvel, sest ostjad ei malda oodata.","Pagar peab olema varase ärkamise, nobeda käe ja tugeva muskliga",link,http://tarbija24.postimees.ee/3728463/pagar-peab-olema-varase-arkamise-nobeda-kae-ja-tugeva-muskliga?utm_source=pm_fb&utm_medium=wallpost&utm_content=3728463&utm_campaign=fb_post,2016-06-12 06:30:00,37,2,3,37,0,0,0,0,0,0
115634898452178_1344738435541812,"Kuigi lennujaam tundub viimane koht kus tüssata saada, siis on see tegelikult siiski võimalik.","Üllatavad viisid, kuidas lennujaamas petta saad",link,http://reis.postimees.ee/3728387/ullatavad-viisid-kuidas-lennujaamas-petta-saad?utm_source=pm_fb&utm_medium=wallpost&utm_content=3728387&utm_campaign=fb_post,2016-06-12 06:00:00,6,0,11,6,0,0,0,0,0,0
115634898452178_1344736962208626,"Eesti üks vanemaid tegevlauljaid Üllar Jörberg, rahvasuus Jörpa, jaksab ikka veel saalitäie rahva ees tantsu vihtuda, kuigi tunnistab, et noorusaegadega võrreldes on jaksu vähemaks jäänud.",Üllar Jörberg – 75-aastasena heas vormis,link,http://kultuur.postimees.ee/3725173/ullar-jorberg-?-75-aastasena-heas-vormis%3Futm_source=pm_fb&utm_medium=wallpost&utm_content=3725173&utm_campaign=fb_post,2016-06-12 05:30:00,692,31,18,650,10,27,2,3,0,0
115634898452178_1344715658877423,"Prantsusmaal toimuvat EMi on varjutanud erinevad vägivallalained. Peale Marseille' toimusid kokkupõrked ka Nice'is, kus kohalikud ultrafännid tungisid kallale Põhja-Iirimaa ja Poola toetajatele.",Video: kohalikud prantslased tekitavad EMil kaklusi,link,http://sport.postimees.ee/3729533/video-kohalikud-prantslased-tekitavad-emil-kaklusi?utm_source=pm_fb&utm_medium=wallpost&utm_content=3729533&utm_campaign=fb_post,2016-06-12 04:30:00,7,4,2,5,0,2,0,0,0,0
115634898452178_1344761728872816,BBC teatel toimus USA-s Florida osariigis Orlando geiklubis tulistamine ning ründaja on võtnud ka pantvange. Uudis täiendamisel!,"BBC: Florida ööklubis toimus tulistamine, külastajad võeti pantvangi",link,http://maailm.postimees.ee/3729613/bbc-florida-ooklubis-toimus-tulistamine-kulastajad-voeti-pantvangi?utm_source=pm_fb&utm_medium=wallpost&utm_content=3729613&utm_campaign=fb_post,2016-06-12 04:00:00,19,2,7,13,0,1,0,5,0,0
115634898452178_1344715265544129,"Venemaa ja Inglismaa fännid on Marseille's toimuvate kokkupõrgete järel kogu asja algataja osas erimeelt. Venemaa meedia kaitseb omasid ning kirjutab, et kangelaslikud venelased vaid tõrjusid inglaste rünnakuid.",Venemaa meedia: tuhanded inglased tulid meie omadele kallale,link,http://sport.postimees.ee/3729541/venemaa-meedia-tuhanded-inglased-tulid-meie-omadele-kallale?utm_source=pm_fb&utm_medium=wallpost&utm_content=3729541&utm_campaign=fb_post,2016-06-12 03:00:00,86,32,13,37,0,5,32,1,11,0
115634898452178_1344719828877006,"Inglismaa jalgpalliliidu turvaülem tunnistas, et pole oma karjääri üheksa suurturniiri jooksul midagi sarnast varem kohanud.  Britide suursaadik andis omakorda teada, et öö jooksul on haiglasse sattunud mitmeid inglasi.",Vägivallalaine jätkus ka pärast Inglismaa ja Venemaa kohtumise lõpuvilet,link,http://sport.postimees.ee/3729525/vagivallalaine-jatkus-ka-parast-inglismaa-ja-venemaa-kohtumise-lopuvilet?utm_source=pm_fb&utm_medium=wallpost&utm_content=3729525&utm_campaign=fb_post,2016-06-12 02:30:00,22,2,6,11,0,2,0,5,4,0
115634898452178_1344714585544197,"Uusim avastus parimate kohvimaitsete ja -aroomide avaldamiseks on lämmastik - gaas, millel puudub igasugune lõhn ja kõrvalmaitse,  millega pruulitakse ""lämmastikkohvi"" (nitro caffee). Lämmastikkohv pakendatakse rõhu all vaatidesse ning serveeritakse sarnaselt õllele.",Kuum trend kohvifännidele: lämmastikuga pruulitud kohv,link,http://tarbija24.postimees.ee/3726479/kuum-trend-kohvifannidele-lammastikuga-pruulitud-kohv?utm_source=pm_fb&utm_medium=wallpost&utm_content=3726479&utm_campaign=fb_post,2016-06-12 02:00:00,7,4,3,7,0,0,0,0,0,0
115634898452178_1344714175544238,"USA politsei avaldas laupäeval mehe isikuandmed, keda kahtlustatakse päev varem poplaulja Christina Grimmie tapmises.",USA politsei avaldas poplaulja mõrvari isikuandmed,link,http://maailm.postimees.ee/3729515/usa-politsei-avaldas-poplaulja-morvari-isikuandmed?utm_source=pm_fb&utm_medium=wallpost&utm_content=3729515&utm_campaign=fb_post,2016-06-12 01:30:00,52,4,5,19,0,0,1,26,6,0
115634898452178_1332608850088104,Ja nii saigi Skype alguse,"Skype, made in Estonia 1979 (Nõiakivi)",link,http://meeldib.postimees.ee/2013/04/skype-made-in-estonia-1979-noiakivi/?utm_source=pm_fb&utm_medium=wallpost&utm_campaign=meeldib,2016-06-12 00:10:00,1383,10,217,1201,16,5,161,0,0,0
115634898452178_1344478768901112,"Laupäeval, 11.juunil toimus Tallinnas Lennusadama alal hobiautode kokkutulek Stancest 16, mis tõi kohale üle 70 hoolikalt valitud auto Eestist, Venemaalt, Soomest, Lätist ja Leedust.",Galerii! Hobiautode kokkutulek Stancest 16 tõi Lennusadamasse palju silmailu ja selgitas välja...,link,http://elu24.postimees.ee/3729479/galerii-hobiautode-kokkutulek-stancest-16-toi-lennusadamasse-palju-silmailu-ja-selgitas-valja-parimad?utm_source=pm_fb&utm_medium=wallpost&utm_content=3729479&utm_campaign=fb_post,2016-06-11 15:43:49,90,1,7,90,0,0,0,0,0,0
115634898452178_1344359365579719,"Jäätee valmistamine ei erine väga palju tavalise tee tegemisest. Enamasti tehakse valmis tavaline tee, pannakse see mõneks ajaks külmikusse ja valatakse siis jää peale. On aga üks lihtne nipp, mis teeb selle paremaks.",Kuidas teha jääteed?,link,http://naine24.postimees.ee/3729413/kuidas-teha-jaateed?utm_source=pm_fb&utm_medium=wallpost&utm_content=3729413&utm_campaign=fb_post,2016-06-11 15:00:00,27,1,17,27,0,0,0,0,0,0
115634898452178_1344359232246399,"Tallinnast seitsme kilomeetri kaugusel, keset põldu asub üks  fantoombussipeatustest, kus sõiduplaani järgi peaks peatuma LuxExpressi buss.",Video: Tartu mnt äärde tekkisid fantoombussipeatused,link,http://tarbija24.postimees.ee/3729297/video-tartu-mnt-aarde-tekkisid-fantoombussipeatused?utm_source=pm_fb&utm_medium=wallpost&utm_content=3729297&utm_campaign=fb_post,2016-06-11 14:30:00,45,4,11,33,1,1,10,0,0,0
115634898452178_1344358968913092,,Lugeja küsib: miks ei saa Elronis punaseid sente kasutada?,link,http://tarbija24.postimees.ee/3726883/lugeja-kusib-miks-ei-saa-elronis-punaseid-sente-kasutada?utm_source=pm_fb&utm_medium=wallpost&utm_content=3726883&utm_campaign=fb_post,2016-06-11 14:00:00,16,6,11,14,0,2,0,0,0,0
115634898452178_1344418195573836,"Täna päeval värviti Tallinna loomaaias vabatahtlike abiga puure, puhkepinke, piknikulaudu ja aedu. Üle värviti ka uus mesilasmaja ning lapsed lõid kaasa linnumajade ja kivikeste värvimises.",Fotod: suur värvimispäev Tallinna loomaaias,link,http://tallinncity.postimees.ee/3729419/fotod-suur-varvimispaev-tallinna-loomaaias?utm_source=pm_fb&utm_medium=wallpost&utm_content=3729419&utm_campaign=fb_post,2016-06-11 13:42:29,194,4,3,183,5,5,1,0,0,0
115634898452178_1344358755579780,"Politoloog Tõnis Saarts nentis, et Edgar Savisaare tänane kaotus presidendikandidaadiks valitud Mailis Repsile on küll tõsine märk, kuid selle tähtsust ei tasuks üle hinnata, sest see on lihtsalt järjekordne vaheetapp Keskerakonna pikas siseheitluses.",Politoloog: Savisaare kaotust ei tasu üle hinnata,link,http://www.postimees.ee/3729343/politoloog-savisaare-kaotust-ei-tasu-ule-hinnata?utm_source=pm_fb&utm_medium=wallpost&utm_content=3729343&utm_campaign=fb_post,2016-06-11 13:30:00,8,1,1,8,0,0,0,0,0,0
115634898452178_1344358445579811,"Jalgpalli EMil lähevad täna Marseille'is vastamisi Inglismaa ja Venemaa. Juba mõnda aega kardeti, et mängu eel ja ka järel võivad puhkeda meeskonna fännide vahel verised lahingud. Nüüd on selge, et need on osutunud ka tõeks.",Totaalne kaos Prantsusmaal: Inglismaa ja Venemaa fännid pidasid veriseid lahinguid,link,http://sport.postimees.ee/3729411/totaalne-kaos-prantsusmaal-inglismaa-ja-venemaa-fannid-pidasid-veriseid-lahinguid?utm_source=pm_fb&utm_medium=wallpost&utm_content=3729411&utm_campaign=fb_post,2016-06-11 13:00:00,171,42,85,99,0,12,8,26,26,0
115634898452178_1344288512253471,"Lottemaa avas täna suvehooaja, sel puhul toimus Leiutajateküla rahva ja külastajate osavõtul pidulik paraad.",Galerii: Lottemaa avas pidulikult suvehooaja,link,http://parnu.postimees.ee/3729345/galerii-lottemaa-avas-pidulikult-suvehooaja?_ga=1.106205123.1144324660.1465601652&utm_source=pm_fb&utm_medium=wallpost&utm_content=3729345&utm_campaign=fb_post,2016-06-11 12:30:00,95,0,10,94,1,0,0,0,0,0
115634898452178_1344237212258601,London tähistas täna kuninganna Elizabeth II 90. sünnipäeva traditsioonilise sõjaväeparaadiga.,Londonis tähistatakse kuninganna 90. sünnipäeva,link,http://maailm.postimees.ee/3729291/londonis-tahistatakse-kuninganna-90-sunnipaeva?utm_source=pm_fb&utm_medium=wallpost&utm_content=3729291&utm_campaign=fb_post,2016-06-11 12:00:00,876,17,37,844,22,8,1,0,1,0
115634898452178_1344237128925276,Täna toimunud Keskerakonna volikogul pandi hääletusele Edgar Savisaare palgaküsimus ning volikogu liikmed hääletasid palga maksmise poolt.,Erakond hakkab Savisaarele maksma 3500-eurost palka,link,http://www.postimees.ee/3729287/erakond-hakkab-savisaarele-maksma-3500-eurost-palka?utm_source=pm_fb&utm_medium=wallpost&utm_content=3729287&utm_campaign=fb_post,2016-06-11 11:30:00,175,73,15,56,0,31,9,3,76,0
115634898452178_1344229078926081,"Selleks, et ennast õigel teel hoida, on kasulik end õiges infoväljas hoida. Selleks puhuks soovitame viit eriti motiveerivat Instagrami kontot, mille abil teed kindlasti rohkem trenni ning hoiad end hõlpsasti ka rämpstoidust eemale.","Viis eriti motiveerivat fitnessi kontot, mida Instagramis jälgida",link,http://naine24.postimees.ee/3729261/viis-eriti-motiveerivat-fitnessi-kontot-mida-instagramis-jalgida?utm_source=pm_fb&utm_medium=wallpost&utm_content=3729261&utm_campaign=fb_post,2016-06-11 11:00:00,15,1,4,14,1,0,0,0,0,0
115634898452178_1344203638928625,"Nooruke sportlane Kelly Sildaru postitas suvevaheaja alguse puhul Instagram'i pildi oma tunnistusest, mida ehtisid vaid neljad ja viied!",Kelly Sildarul koolis ainult neljad viied!,link,http://elu24.postimees.ee/3729229/kelly-sildarul-koolis-ainult-neljad-viied?utm_source=pm_fb&utm_medium=wallpost&utm_content=3729229&utm_campaign=fb_post,2016-06-11 10:30:00,625,30,10,608,13,1,2,1,0,0
115634898452178_1330579576957698,"Mõnusat saunaõhtut!
---
Jäär – lõhub puud ja paneb need riita. Sauna ta ei lähe, sest sauna kuumenemine kestab liiga kaua.

Sõnn- imetleb kõigepealt kellegi teise tehtud kaunist puuriita. Ta veab kopsud täis seda imelist puu lõhna ja paneb sauna kütte (sisimas soovides, et keegi muu oleks seda juba teinud). Kui saun on soe, läheb ta sauna, ja loodab, et keegi muu sinna ei tule.

Kaksikud – tuleb kohale ootamatult ja kutsumata, nagu kaksikutele omane. Käib kiiresti saunas, räägib seal sõnni poolsurnuks ja imestab lõpuks: ""Kuidas on võimalik pikutada nii aeglaselt?!"" Lahkub saunast enne, kui sõnn jõuab suugi avada. Kaksikute meelest on aeglaselt lõõgastumine ärritav.

Vähk – saabub sauna oma kõige vanema ja armsama saunalina sisse keeratuna. Kaasas on tal vanavanaemalt pärandiks saadud nuustik ja pesuhari. Need on olnud suguvõsas juba mitmeid põlvkondi ja ta ei loobuks neist mingi hinna eest.

Lõvi – tuleb sauna siis, kui muud tegelased on juba lava peal istumas. Ta teab, et niimoodi saab ta kogu tähelepanu endale. Lõvi naudib saunakuumust, ainuke mure on, et saunas ei ole päikest. Sellepärast ei naudi lõvi sauna täiel rinnal. Pestes keskendub lõvi kõige rohkem juustele.

Neitsi – sauna sisenedes on tal käes oma isiklik pepualune. Enne, kui neitsi ennast pesema hakkab, peseb neitsi puhtaks seebi, sest keegi ei pese ennast ju musta seebiga! Enne lavale istumist paneb ta pepualuse alla saunalina, et pepualune ei saaks mustaks. Saunas on tal kaasas looduspoest ostetud mahetoodetud nõgesešampoon ja vatitikud.

Vahepeal: Sõnn on ikka veel saunas, on ainult vahepeal külge keeranud.
Vähi vanavanaemalt päritud nuustik on kuskile kadunud ja vähk on juba natukene mures….

Kaalud – tuleb sauna lootuses, et seal on koos mõnus seltskond.Tal on kaasas vanilje- ja meelõhnaline dušigeel ning piibelehelõhnaline šampoon (see oli küll üsna odav, aga ta ostis selle, sest see oli ilusas pudelis) ning Coconut Rich Body Cream. Ta asetab omad asjad saunapingile, et neid oleks visuaalselt kaunis imetleda, imetleb mõnda aega oma asju ja liigutab šampoonipudeli paari cm võrra vasakule. Täiuslikust natüürmordist puudub vaid viinamarja kobar… Noh, selle ta võtab siis kaasa järgmisel korral! Chanel No.5 on tal hommikumantli taskus. Saunast lahkudes panebki ta endale peale vaid Chanel No.5, et veeta üks meeletu õhtu.

Skorpion – tal on kaasas saunaviht ja ta on väga innustunud, sest on leidnud poest musta-punatriibulise seebi. Seebi nimi on ""The Horror of Bloody Mary."" Skorpion ei mõista teiste ükskõikset suhtumist tema seebi suhtes… ""No visake siis vähemalt leili juurde ja vihtuge korralikult!"" lausub ta siis ja puhub naljatades kuuma õhku saunakaaslaste suunas. Skorpion soovib, et saunas oleks äge, mitte selline nõme harmooniline rahulik olemine…

Ambur – tuleb sauna käed taskus.  Laenab küsimata teiste asju – talle kõlbab isegi skorpioni seep ja loomulikult ei pane ta seebi värvi üldsegi tähele. Aga selle seebi inglisekeelne nimi paelub teda, see nimi paneb teda unistama reisist kusagile kaugele, kus kõik seepide nimed on inglise või mingis muus keeles….

Kaljukits – tal on kaasas vasar, sest tal oli plaanis lüüa kinni paar lavalaudadest lahtitulnud naela. Ta vihub kaua ja kõvasti, ise samal ajal mõnust oiates ja vahepeal lausa karjatades. Tema jaoks on vihtlemine täiuslik väljakutse ja nauding. ""MÕNUS!"" lausub kaljukits ja on lõõgastunud ja rahul oma soorituse üle.

Vahepeal: Sõnn keeras teist korda külge.

Veevalaja – jääb silmitsema neitsi saunalina ja pepualuse kooslust, samal ajal jääb ta mõttesse: ""Kas oleks võimalik leiutada materjal, mis oleks samal ajal kuumakindel ja mustusthülgav?"" Ta taipab, et ongi leiutanud TEFLONI! Teda ei häiri, et keegi teine on selle juba varem leiutanud. Tema on leiutanud just nüüd teflonist saunalava! Ta on unustanud, et viibib saunas ja ta peas keerleb nüüd mõte, kuidas teha teflonist saunalava nii, et see ei kõrvetaks peput…

Kalad – on jäänud natukene hiljaks, sest ta jõi saunaõlled enne sauna ära. Ta jõuab kohale siis, kui kõik on juba saunast läinud, leiligi pole enam palju järel, aga see kalasid ei häiri – tal on sisemist soojust piisavalt ja ta on nautinud piisavalt seestpoolt soojendavat ainet. Leili võib ju ette kujutada, kui seda pole… Saunas valitseb täielik vaikus, kala arvab, et ta on seal täiesti üksi… tegelikult see nii ei ole….

…sellepärast, et sõnn on ikka veel saunas….",Kuidas käituvad erinevate tähemärkide esindajad saunas?,link,http://meeldib.postimees.ee/2015/10/kuidas-kaituvad-erinevate-tahemarkide-esindajad-saunas/?utm_source=pm_fb&utm_medium=wallpost&utm_campaign=meeldib,2016-06-11 10:10:00,482,19,279,391,6,2,83,0,0,0
115634898452178_1344198975595758,"Täna kell 12.58 sai häirekeskus teate, et Keila-Haapsalu maantee 12. kilomeetril on juhtunud liiklusõnnetus, kus põrkusid kokku kaks sõiduautot.","Kriminaalses joobes juht põhjustas avarii, kaks last viidi haiglasse",link,http://www.postimees.ee/3729227/kriminaalses-joobes-juht-pohjustas-avarii-kaks-last-viidi-haiglasse?utm_source=pm_fb&utm_medium=wallpost&utm_content=3729227&utm_campaign=fb_post,2016-06-11 10:00:00,28,1,22,8,0,0,0,4,16,0
115634898452178_1344193928929596,"Reede päeval leidis aset liiklusõnnetus Tartus Riia ja Raudtee tänavate ristmikul, kus 74-aastane mees sõitis sõiduautoga Chrysler vasakpööret sooritades ette vastassuunast otse liikunud sõiduautole Audi A4, mida juhtis 21-aastane mees.",Vasakpööret sooritanud autojuht sõitis teisele juhile ette,link,http://tartu.postimees.ee/3729217/vasakpooret-sooritanud-autojuht-soitis-teisele-juhile-ette?utm_source=pm_fb&utm_medium=wallpost&utm_content=3729217&utm_campaign=fb_post,2016-06-11 09:30:00,5,0,2,5,0,0,0,0,0,0
115634898452178_1344144492267873,2014. aastal The Voice US saates kolmandale kohale tulnud Christina Grimmie (22) mõrvati peale tema Floridas antud kontserti.,Tragöödia USA's: The Voice staar Christina Grimmie mõrvati autogramme andes jõhkralt,link,http://elu24.postimees.ee/3729111/tragoodia-usa?-s-the-voice-staar-christina-grimmie-morvati-autogramme-andes-johkralt%3Futm_source=pm_fb&utm_medium=wallpost&utm_content=3729111&utm_campaign=fb_post,2016-06-11 09:00:00,123,8,23,24,0,12,0,82,5,0
115634898452178_1344171002265222,Täna keskpäeval toimus Kadrioru pargis iga-aastane heategevuslik kogupereüritus Pardiralli.,Fotod: Kadriorus lasti heategevuslikul eesmärgil vette 10 000 vanniparti,link,http://tallinncity.postimees.ee/3729203/fotod-kadriorus-lasti-heategevuslikul-eesmargil-vette-10-000-vanniparti?utm_source=pm_fb&utm_medium=wallpost&utm_content=3729203&utm_campaign=fb_post,2016-06-11 08:00:00,787,7,17,748,30,6,3,0,0,0
115634898452178_1344193568929632,"Kolme-peenise vein, sea platsenta mahl ning panda kaka tee on vaid mõned näited maailma kõige veidramatest jookidest.",Maailma kõige veidramad joogid,link,http://reis.postimees.ee/3725607/maailma-koige-veidramad-joogid?utm_source=pm_fb&utm_medium=wallpost&utm_content=3725607&utm_campaign=fb_post,2016-06-11 07:30:00,10,4,11,9,0,1,0,0,0,0
115634898452178_1344190282263294,"Keskerakonna presidendikandidaadiks sai esialgsetel andmetel Mailis Reps, kes kogus 90 häält ehk 53 protsenti häältest",Keskerakonna presidendikandidaadiks valiti Mailis Reps,link,http://www.postimees.ee/3729083/keskerakonna-presidendikandidaadiks-valiti-mailis-reps?utm_source=pm_fb&utm_medium=wallpost&utm_content=3729083&utm_campaign=fb_post,2016-06-11 06:51:08,377,26,6,324,2,23,27,0,1,0
115634898452178_1344140662268256,"Keskerakonna volikogu istungil tegi poliitilise ettekande kriminaalkahtluse saanud Keskerakonna esimees Edgar Savisaar, kes võttis kokku, millised on Keskerakonna tugevused ja nõrkused.",Savisaar: Keskerakonnal on neli tugevust ja üks nõrkus,link,http://www.postimees.ee/3729161/savisaar-keskerakonnal-on-neli-tugevust-ja-uks-norkus?utm_source=pm_fb&utm_medium=wallpost&utm_content=3729161&utm_campaign=fb_post,2016-06-11 06:30:00,15,7,2,8,0,3,2,0,2,0
115634898452178_1344127458936243,"Pärnu maakohus mõistis kokkuleppemenetluses eile jõustunud otsusega 600eurose rahalise karistuse 64aastasele Leonidile, kes lõi abikaasat rusikaga näkku.",Kohus karistas abikaasat rusikaga näkku löönud meest,link,http://parnu.postimees.ee/3729143/kohus-karistas-abikaasat-rusikaga-nakku-loonud-meest?_ga=1.243642309.1144324660.1465601652,2016-06-11 06:00:00,16,6,4,13,0,0,0,0,3,0
115634898452178_1344127118936277,"Ehkki 28-kraadist kuumust tõenäoliselt tulemas ei ole, siis tuleval nädalal on soojakraadid veidi suuremad, kuid vihmatõenäosus on jätkuvalt suur, prognoosib ilmateenistus.",Uuel nädalal läheb ilm taas soojaks,link,http://ilmajaam.postimees.ee/3729129/uuel-nadalal-laheb-ilm-taas-soojaks?_ga=1.243642309.1144324660.1465601652,2016-06-11 05:30:00,572,25,94,541,17,3,8,2,1,0
115634898452178_1344126865602969,"Täna toimub Tallinnas Kultuurikatlas Keskerakonna volikogu korraline istung, kus muude küsimuste hulgas arutletakse presidendivalimiste üle ning valitakse Keskerakonna presidendikandidaat.","Täna selgub, kellest saab Keskerakonna presidendikandidaat",link,http://www.postimees.ee/3729083/tana-selgub-kellest-saab-keskerakonna-presidendikandidaat?utm_source=pm_fb&utm_medium=wallpost&utm_content=3729083&utm_campaign=fb_post,2016-06-11 05:00:00,9,2,0,7,0,0,2,0,0,0
115634898452178_1344081042274218,"Pesaleidja hoole all ootab uut peremeest 2,5-aastane Traks, kes elas kodutuna Puka alevikus Valgamaal.",Päevakäpp: kaunis Traks,link,http://lemmik.postimees.ee/3729073/paevakapp-kaunis-traks?utm_source=pm_fb&utm_medium=wallpost&utm_content=3729073&utm_campaign=fb_post,2016-06-11 04:30:00,97,4,48,87,7,3,0,0,0,0
115634898452178_1344080312274291,"Venemaa president Vladimir Putin kiitis heaks 4 miljardit dollarit maksva projekti, millega Moskva lähedale Kaluga oblastisse rajatakse 220 hektarile Disneylandi analoog nimega Vene võlumaailm.",Putin lubas Venemaale oma Disneylandi,link,http://majandus24.postimees.ee/3728301/putin-lubas-venemaale-oma-disneylandi?utm_source=pm_fb&utm_medium=wallpost&utm_content=3728301&utm_campaign=fb_post,2016-06-11 03:30:00,319,43,29,218,3,26,71,1,0,0
115634898452178_1344078398941149,"Keila-Joal Meremõisas, Kungla tee 1 asuv maja on ehitatud 1930ndatel ning kodu sisemus teeb endistele aegadele väärika kummarduse.",Fotod: omapärase sisemusega kodu Keila-Joal,link,http://kodu.postimees.ee/3729039/fotod-omaparase-sisemusega-kodu-keila-joal?_ga=1.4114672.1144324660.1465601652&utm_source=pm_fb&utm_medium=wallpost&utm_content=3729039&utm_campaign=fb_post,2016-06-11 03:00:00,62,0,6,60,2,0,0,0,0,0
115634898452178_1344076575607998,"Lennufirma SAS pilootide streigi tõttu jääb laupäeval ära 159 lendu, mis mõjutab umbes 20 000 inimese reisiplaane, teatas soomlaste rahvusringhääling Yle.",SAS pilootide streigi tõttu jääb laupäeval ära 159 lendu,link,http://reis.postimees.ee/3729011/sas-pilootide-streigi-tottu-jaab-laupaeval-ara-159-lendu?_ga=1.50103270.1144324660.1465601652,2016-06-11 02:28:23,3,1,1,3,0,0,0,0,0,0
115634898452178_1343801775635478,"Midagi nii omas ajas hullumeelset, suurejoonelist ja kaugelevaatavat on ette võtnud vähesed meie kaasmaalased – selline oli mu esimene mõte, kui tutvusin kõigega, mida rääkis mulle aastaid tagasi kodumaa tolmu jalgadelt pühkinud ja nüüd realistlikke kosmosevallutusplaane hauduv eestlanna.",Eestlanna ettevõte tahab avada kosmoses kaevandused,link,http://pluss.postimees.ee/3726731/eestlanna-ettevote-tahab-avada-kosmoses-kaevandused?utm_source=pm_fb&utm_medium=wallpost&utm_content=3726731&utm_campaign=fb_post,2016-06-11 01:30:00,20,10,3,17,0,2,1,0,0,0
115634898452178_1344056482276674,"Kas teadsid, et Tallinna lennujaama territoorium oli koduks neljale muinsuskaitsealusele kultuskivile?",Galerii: lennujaama laiendusele ette jäänud muistsed kultuskivid viidi uude kohta - Eesti...,link,http://www.postimees.ee/3726795/galerii-lennujaama-laiendusele-ette-jaanud-muistsed-kultuskivid-viidi-uude-kohta,2016-06-11 01:25:18,55,16,14,37,0,1,0,5,12,0
115634898452178_1343801068968882,"Kuigi hiljutine Euroopa Liidu statistika annab Eesti meditsiinisüsteemile hävitava hinnangu, tuleks siinsete juhtivate tervishoiuekspertide sõnul muretsemise asemel hoopis rõõmustada.",Eestlased surevad liiga palju haigustesse,link,http://pluss.postimees.ee/3728659/eestlased-surevad-liiga-palju-haigustesse?utm_source=pm_fb&utm_medium=wallpost&utm_content=3728659&utm_campaign=fb_post,2016-06-11 01:00:00,24,4,6,10,0,4,0,10,0,0
115634898452178_1331207393561583,"Suurepärast laupäeva!
---
Isa on koos pojaga kalal.
Istuvad tunni, teise – ei näkka.
Isa ütleb pojale:
""Kuule, pojake, meil on mannaputru kaasas, ulata siia, võibolla sellega näkkab.""
Poeg vastab:
""Paps, ma sõin mannapudru ära…""
""Hästi, pojake.""
Istuvad, õngitsevad. Ikka ei näkka.
""Pojake, ema tegi meile võileivad kaasa. Ulata siia, äkki võtavad leiba!""
""Isa, aga ma sõin võileivad ka ära…""
""Hästi, pojake.""
Istuvad edasi. Möödub tund, teine. Külm hakkab, vihma hakkab tibama.
Isa pojale:
""Olgu peale, poeg. Söö need ussikesed ka ära, saab koju!""",Kuidas isa pojaga kalal käis,link,http://meeldib.postimees.ee/2016/05/kuidas-isa-pojaga-kalal-kais/?utm_source=pm_fb&utm_medium=wallpost&utm_campaign=meeldib,2016-06-11 00:10:00,74,0,12,57,0,1,15,1,0,0
115634898452178_1343595428989446,"Me kõik haigutame. See on loomulik tegevus, millele me reeglina kuigi palju ei mõtle. Aga kui kaua haigutus tavaliselt kestab ja kas inimesed on ainsad, kes haigutavad?",Seitse põnevat fakti haigutamise kohta,link,http://naine24.postimees.ee/3728453/seitse-ponevat-fakti-haigutamise-kohta?utm_source=pm_fb&utm_medium=wallpost&utm_content=3728453&utm_campaign=fb_post,2016-06-10 15:00:00,19,3,8,19,0,0,0,0,0,0
115634898452178_1343715855644070,"Aastad mööduvad, tuuled pöörduvad, aga kuidas meie kodu on muutunud?","Galerii: vaata, millised olid kodud siis, kui sa sündisid!",link,http://kodu.postimees.ee/3728867/galerii-vaata-millised-olid-kodud-siis-kui-sa-sundisid?utm_source=pm_fb&utm_medium=wallpost&utm_content=3728867&utm_campaign=fb_post,2016-06-10 14:46:00,48,1,15,45,0,2,1,0,0,0
115634898452178_1343595115656144,"Lavastaja Tiit Ojasoo sai hiljuti laia meediatähelepanu ja mu isikliku põlguse osaliseks oma alluva naisnäitleja löömise pärast. Edasi hargnes lahti meediafarss, kus ta õigustas end esimeses intervjuus ning hiljem teises intervjuus kahetses tehtut, kirjutab kirjanik ja aktivist Sass Henno.","Sass Henno: «7 hetke, mil lüüa naist» Tiit Ojasoo ainetel",link,http://arvamus.postimees.ee/3728455/sass-henno-7-hetke-mil-luua-naist-tiit-ojasoo-ainetel?utm_source=pm_fb&utm_medium=wallpost&utm_content=3728455&utm_campaign=fb_post,2016-06-10 14:30:00,179,12,50,167,0,0,1,0,11,0
115634898452178_1343635005652155,"«Sõitsin üle pika aja selle parvlaevaga Star. Tallinna sadamasse sõites hakkas laev hirmsat moodi kõikuma. Milles asi? Ometi oli tuul ju olematu, pole varem teiste laevade puhul sellist kõikumist täheldanud. Miks Star sadamasse sisenedes hirmsasti logiseb ja kõigub?» soovib lugeja teada.",Lugeja küsib: miks Tallinki laev hirmsasti logiseb ja kõigub?,link,http://tarbija24.postimees.ee/3727767/lugeja-kusib-miks-tallinki-laev-hirmsasti-logiseb-ja-koigub?utm_source=pm_fb&utm_medium=wallpost&utm_content=3727767&utm_campaign=fb_post,2016-06-10 14:15:00,103,38,22,77,0,3,23,0,0,0
115634898452178_1343572532325069,Tallinna kontserdipaik Rock Cafe andis sisse pankrotiavalduse.,Rock Cafe läks pankrotti,link,http://tallinncity.postimees.ee/3728609/rock-cafe-laks-pankrotti?utm_source=pm_fb&utm_medium=wallpost&utm_content=3728609&utm_campaign=fb_post,2016-06-10 14:00:00,53,12,26,16,0,17,1,18,1,0
115634898452178_1343671065648549,Õhumass Eesti kohal püsib jätkuvalt jahe ning vihmahood ei lakka ka homme.,Ilm püsib jahe ja vihmane,link,http://ilmajaam.postimees.ee/3728829/ilm-pusib-jahe-ja-vihmane?_ga=1.92586590.2128637283.1462733011&utm_source=pm_fb&utm_medium=wallpost&utm_content=3728829&utm_campaign=fb_post,2016-06-10 13:42:09,94,8,18,50,1,4,4,26,9,0
115634898452178_1343525972329725,Koerad oskavad olla nii tähelepanelikud kui ka nupukad. See kodu ootav pit bull Redd suudab isegi varvastel tippida.,"Video: koer tipib varvastel, et kassi mitte üles ajada",link,http://lemmik.postimees.ee/3728317/video-koer-tipib-varvastel-et-kassi-mitte-ules-ajada?utm_source=pm_fb&utm_medium=wallpost&utm_content=3728317&utm_campaign=fb_post,2016-06-10 13:30:00,192,4,28,151,23,2,16,0,0,0
115634898452178_1343633915652264,"Kuna järjest enam leitakse rasedatel diabeeti, siis on kogenud arsti sõnul oluline neid seisundeid võimalikult vara diagnoosida ja ennetada.",Levinud haigus võib kaasa tuua loote väärarengu,link,http://tervis.postimees.ee/3728567/levinud-haigus-voib-kaasa-tuua-loote-vaararengu?utm_source=pm_fb&utm_medium=wallpost&utm_content=3728567&utm_campaign=fb_post,2016-06-10 13:15:00,16,0,22,13,0,3,0,0,0,0
115634898452178_1343524315663224,"Tavaliselt viskame mustad ja higised riided pesukasti või pesumasinasse siis, kui need kas näevad räpased välja või lõhnavad ebameeldivalt. Tuleb välja, et tegelikult tasuks oma musta pesusse teadlikumalt suhtuda.",Kui sageli peaks riideid tegelikult pesema?,link,http://naine24.postimees.ee/3728295/kui-sageli-peaks-riideid-tegelikult-pesema?utm_source=pm_fb&utm_medium=wallpost&utm_content=3728295&utm_campaign=fb_post,2016-06-10 13:00:00,30,0,8,26,0,4,0,0,0,0
115634898452178_1343524615663194,"Kanadas Montrealis elanud 20-aastane naine suri pärast seda, kui oli suudelnud varem maapähklivõileiba söönud poiss-sõpra.",Suudlus võttis maapähklitele allergiliselt naiselt elu,link,http://elu24.postimees.ee/3728419/suudlus-vottis-maapahklitele-allergiliselt-naiselt-elu?utm_source=pm_fb&utm_medium=wallpost&utm_content=3728419&utm_campaign=fb_post,2016-06-10 12:30:00,8,2,3,3,0,1,0,4,0,0
115634898452178_1343480272334295,"Bella-Rose on 6-aastane Austraalia tüdruk, kes on tuntud oma uskumatute meigiõpetusvideotega. Bella-Rose oskab end nii hästi meikida, et teeb paljudele täiskasvanud naistele silmad ette.",6-aastane tüdruk kogub uskumatute meigivideotega kuulsust,link,http://naine24.postimees.ee/3728065/6-aastane-tudruk-kogub-uskumatute-meigivideotega-kuulsust?utm_source=pm_fb&utm_medium=wallpost&utm_content=3728065&utm_campaign=fb_post,2016-06-10 12:00:00,119,13,16,102,1,3,0,7,6,0
115634898452178_1343479895667666,"Oled Netflixist sõltuvuses? Meeldib järjest ja järjest aina uusi lemmiksarja osasid neelata? Kui binge-watching, mida võiks eesti keelde tõlkida kui telekapummelungi, kus enam ei saa sarjade striimimisega pidama, on sinu uus lemmikhobi, siis on meil sulle kurbi uudiseid – su sekselul võib kriips peal olla.",Professor: Netflix rikub inimeste sekselu,link,http://naine24.postimees.ee/3728021/professor-netflix-rikub-inimeste-sekselu?utm_source=pm_fb&utm_medium=wallpost&utm_content=3728021&utm_campaign=fb_post,2016-06-10 11:30:00,2,1,2,1,0,0,1,0,0,0
115634898452178_1343479165667739,"Kui paar nädalat tagasi oli turul vaid üksikuid kodumaiseid aiasaaduseid, siis nüüd on letid nende all lookas. Üllataval kombel maksid kodumaised kaunad Nõmme turul isegi vähem kui piiri tagant toodud. Ka kobartomatite hind peaks rõõmustama Eesti kauba eelistajaid.",Hinnavõrdlus: turul jäi silma anomaalia,link,http://tarbija24.postimees.ee/3728299/hinnavordlus-turul-jai-silma-anomaalia?utm_source=pm_fb&utm_medium=wallpost&utm_content=3728299&utm_campaign=fb_post,2016-06-10 11:00:00,28,1,0,26,2,0,0,0,0,0
115634898452178_1343416362340686,"Kui paljud inimesed leiavad, et lemmikloomad ei peaks nendega ühes voodis magama, siis teiste jaoks on neljakäpalistega voodi jagamine kõige loomulikum asi.","Põhjused, miks kassiga voodit jagada",link,http://lemmik.postimees.ee/3727549/pohjused-miks-kassiga-voodit-jagada?utm_source=pm_fb&utm_medium=wallpost&utm_content=3727549&utm_campaign=fb_post,2016-06-10 10:30:00,926,50,193,859,50,12,4,0,1,0
115634898452178_1331206963561626,Südamlikku õhtut!,"Armasta inimest, kes armastab Sind tingimusteta!",link,http://armastan.postimees.ee/armasta-inimest-kes-armastab-sind-tingimusteta/?utm_source=pm_fb&utm_medium=wallpost&utm_campaign=armastan,2016-06-10 10:10:00,398,8,146,387,11,0,0,0,0,0
115634898452178_1343383505677305,"Detsembrist alates on uute vabade töökohtade arv olnud stabiilselt kõrgem aastatagusest ajast, mis on kaasa toonud vähenemise trendi registreeritud töötute arvus.",Töötuna registreeritud inimeste arv kahaneb,link,http://tarbija24.postimees.ee/3727977/tootuna-registreeritud-inimeste-arv-kahaneb?utm_source=pm_fb&utm_medium=wallpost&utm_content=3727977&utm_campaign=fb_post,2016-06-10 10:00:00,10,5,1,10,0,0,0,0,0,0
115634898452178_1343415109007478,"NO99 nõukogu kogunes täna, et kuulata uuesti teatri kunstilise juhi Tiit Ojasoo selgitusi ja otsustas seada tema jätkamisele teatris tingimused. Muu hulgas peab mees läbima psühholoogilise nõustamise programmi",NO99 nõukogu saadab Ojasoo psühholoogilisele nõustamisele,link,http://www.postimees.ee/3728051/no99-noukogu-saadab-ojasoo-psuhholoogilisele-noustamisele?utm_source=pm_fb&utm_medium=wallpost&utm_content=3728051&utm_campaign=fb_post,2016-06-10 09:45:00,7,3,0,7,0,0,0,0,0,0
115634898452178_1343382825677373,"Ameerika Ühendriikides Vanderbilti ülikoolis tehud katsed näitasid, et kuulsa teadlase Alexander von Humboldti rohkem kui 200 aastat tagasi tehtud tähelepanek vastab tõele.",Video: elektriangerjas võib tappa hobuse,link,http://elu24.postimees.ee/3727993/video-elektriangerjas-voib-tappa-hobuse?utm_source=pm_fb&utm_medium=wallpost&utm_content=3727993&utm_campaign=fb_post,2016-06-10 09:30:00,26,2,9,22,0,4,0,0,0,0
115634898452178_1343522412330081,"Lisaks ohvrile võttis Postimehega ühendust ka liiklusraevutseja, kes tunnistas, et sõimas küll teise auto roolis olnud naisterahvast, kuid enda väitel asja eest. Löömise lükkab ta ümber. «Näitasin naisterahvale, kus asub suunatulekang.»","Intervjuu liiklusraevutsejaga: vabandan, aga mulle ei meeldi see rusikajutt",link,http://tartu.postimees.ee/3728539/intervjuu-liiklusraevutsejaga-vabandan-aga-mulle-ei-meeldi-see-rusikajutt?utm_source=pm_fb&utm_medium=wallpost&utm_content=3728539&utm_campaign=fb_post,2016-06-10 09:17:37,101,43,14,72,1,7,4,1,16,0
115634898452178_1343415375674118,"Vasknarva kordoni piirivalvurid leidsid laupäeval Peipsi järvelt üksiku paadi, milles ei olnud ühtegi inimest. Praegu teadaolevalt oli paadiga merele kalastama läinud 27-aastane mees.",Peipsi järvel jäi kadunuks kalale läinud 27-aastane mees,link,http://www.postimees.ee/3728107/peipsi-jarvel-jai-kadunuks-kalale-lainud-27-aastane-mees?utm_source=pm_fb&utm_medium=wallpost&utm_content=3728107&utm_campaign=fb_post,2016-06-10 09:15:00,16,5,10,8,0,0,0,8,0,0
115634898452178_1343367565678899,"Ida-Tallinna keskhaigla erakorralise meditsiiniabi osakonna (EMO) sissepääsu sildil on valge rist punasel nelinurksel taustal. See on äravahetamiseni sarnane Šveitsi lipuga, mistõttu nõuab suursaatkond selle väljavahetamist.",Šveitsi suursaatkond nõuab Ida-Tallinna keskhaiglalt sildi väljavahetamist,link,http://tallinncity.postimees.ee/3727835/sveitsi-suursaatkond-nouab-ida-tallinna-keskhaiglalt-sildi-valjavahetamist?utm_source=pm_fb&utm_medium=wallpost&utm_content=3727835&utm_campaign=fb_post,2016-06-10 09:00:00,133,15,8,64,2,21,46,0,0,0
115634898452178_1343416862340636,"Neljapäeval, 9. juunil, toimus Hiton Tallinn Park hotellis ja Olympic Park Casinos suurejooneline uue hotelli- ja meelelahutuskompleksi avapidu.",Galerii! Glamuur ja ilu: Hilton hotelli suurejooneline avapidu,link,http://elu24.postimees.ee/3727829/galerii-glamuur-ja-ilu-hilton-hotelli-suurejooneline-avapidu?utm_source=pm_fb&utm_medium=wallpost&utm_content=3727829&utm_campaign=fb_post,2016-06-10 08:45:00,87,16,1,85,0,1,1,0,0,0
115634898452178_1343483585667297,"Nädalalõpp Postimehega. Arter: Indrek Treufeldt õnnest – Spordimeeste naised võõrsil – Matkama Afganistani – Millest räägivad armastuslaulud? – Guido Kanguri kaasa võetud hetked – Maasikas kohtub spinatiga – Kaevikusse, ketas lendab! – Üllar Jörberg oma kehast – Kaunishing turvises – Tark peegel – Viska rinnahoidja minema! 
AK: Eestlased ei olnud viikingid – Kelle oma on London? – Kultuuriajakirjandus muutub – Kolm korda elagu Karu! – Eri Klasi viimane aasta –Mammi unistus",ARTER,photo,https://www.facebook.com/postimees/photos/a.1228098217205835.1073741826.115634898452178/1343483585667297/?type=3,2016-06-10 08:15:25,12,2,1,12,0,0,0,0,0,0
115634898452178_1343370669011922,Türgi presidendi Recep Tayyip Erdoğani visiit Ameerika Ühendriikidesse poksilegendi Muhammad Ali matustele lõppes varakult – president ja tema saatjaskond pidas end kohatult üleval ja otsustas enne tseremooniat kodumaale naasta.,Erdoğan loobus Muhammad Ali matustest,link,http://maailm.postimees.ee/3727943/erdo?-an-loobus-muhammad-ali-matustest%3Futm_source=pm_fb&utm_medium=wallpost&utm_content=3727943&utm_campaign=fb_post,2016-06-10 08:15:00,14,1,4,9,0,0,1,2,2,0
115634898452178_1343366312345691,,Levinud juurviljaga liialdamine võib tervist ohustada,link,http://tervis.postimees.ee/3727895/levinud-juurviljaga-liialdamine-voib-tervist-ohustada?utm_source=pm_fb&utm_medium=wallpost&utm_content=3727895&utm_campaign=fb_post,2016-06-10 08:00:00,31,11,10,16,1,9,5,0,0,0
115634898452178_1343433832338939,Iraagi Fallujah` linnast põgenenud pered jutustavad oma kannatustest terroristliku Islamiriigi (ISIS) hirmuvalitsuse all: puudu oli nii toidust kui veest ning nälgivad elanikud pidid nosima lemmikloomadele mõeldud söögipoolist.,Video: nälgivad iraaklased peavad sööma koeratoitu,link,http://maailm.postimees.ee/3728205/video-nalgivad-iraaklased-peavad-sooma-koeratoitu?utm_source=pm_fb&utm_medium=wallpost&utm_content=3728205&utm_campaign=fb_post,2016-06-10 07:45:00,21,16,3,7,0,0,3,11,0,0
115634898452178_1343429625672693,"Tartu maakohus mõistis täna kokkuleppemenetluses süüdi kolm meest, karistades neid kahe ja poole aasta pikkuse tingimisi vangistusega. Kohus tuvastas, et batuudi paigaldamisel ei arvestatud paigaldusjuhendiga.",Traagilise batuudiõnnetuse osalised said kohtus karistada,link,http://tartu.postimees.ee/3728039/traagilise-batuudionnetuse-osalised-said-kohtus-karistada?utm_source=pm_fb&utm_medium=wallpost&utm_content=3728039&utm_campaign=fb_post,2016-06-10 07:15:00,25,8,7,16,0,0,0,3,6,0
115634898452178_1343352669013722,"Ajaleht Saarte Hääl kirjutab, kuidas Ruth Pere ja tema ema Mendi Kallavus avasid Kuressaare kesklinnas uue stripiklubi kunagise kalapoe majas.",Ema ja tütar avasid Saaremaal vanas kalapoes stripiklubi,link,http://www.postimees.ee/3727769/ema-ja-tutar-avasid-saaremaal-vanas-kalapoes-stripiklubi?utm_source=pm_fb&utm_medium=wallpost&utm_content=3727769&utm_campaign=fb_post,2016-06-10 07:00:01,200,27,32,158,0,15,26,0,1,0
115634898452178_1343426935672962,"Eile Tartu kesklinnas liiklusraevu kogenud 35-aastane naisterahvas ütleb, et oma 15-aastase juhistaaži jooksul pole ta midagi ligilähedastki kogenud. «Peale löögi saamist hakkasin nutma, panin peale ohutuled, sõitsin üle ristmiku ja helistasin politseisse.»","Liiklusraevu ohver: ta kihutas must mööda jalakäijate rajale, rebis ukse lahti ja alustas verbaal...",link,http://tartu.postimees.ee/3728211/liiklusraevu-ohver-ta-kihutas-must-mooda-jalakaijate-rajale-rebis-ukse-lahti-ja-alustas-verbaalset-rundamist?utm_source=pm_fb&utm_medium=wallpost&utm_content=3728211&utm_campaign=fb_post,2016-06-10 06:45:00,269,76,137,82,0,38,1,20,128,0
115634898452178_1343352549013734,"Suurbritannias Walesis juhtus eriskummaline lugu, kui veterinaaride juurde toodi kana tikka masala sisse kukkunud kajakas.",Piltuudis: toidu sisse kukkunud kajakas värvus oranžiks,link,http://lemmik.postimees.ee/3727667/piltuudis-toidu-sisse-kukkunud-kajakas-varvus-oranziks?utm_source=pm_fb&utm_medium=wallpost&utm_content=3727667&utm_campaign=fb_post,2016-06-10 06:30:00,95,4,5,63,0,10,18,1,3,0
115634898452178_1343305909018398,"Taaraautomaati pandud tühja õllepudeli eest saadavad sendid pole tänapäeva Eestis just suur raha, ometigi võivad Lätist ostetud ja Eestis ära joodud õlled saada enam kui kümme aastat siin toiminud taaratagastussüsteemi kirstunaelaks.",Läti viinaralli kipub hukutama Eesti taarasüsteemi,link,http://tarbija24.postimees.ee/3727017/lati-viinaralli-kipub-hukutama-eesti-taarasusteemi?utm_source=pm_fb&utm_medium=wallpost&utm_content=3727017&utm_campaign=fb_post,2016-06-10 06:00:00,113,24,10,84,0,5,23,1,0,0
115634898452178_1343305049018484,"Pesaleidja hoole all elab väike ja vallatu kiisupoiss Kenzo, kes tähistab peagi kahe kuu sünnipäeva.",Päevakäpp: vallatu kiisupoiss Kenzo,link,http://lemmik.postimees.ee/3727545/paevakapp-vallatu-kiisupoiss-kenzo?utm_source=pm_fb&utm_medium=wallpost&utm_content=3727545&utm_campaign=fb_post,2016-06-10 05:30:00,180,10,38,166,11,3,0,0,0,0
115634898452178_1343382539010735,Sel nädalal võtab Märt Koik luubi alla Mihkel Raua lahkumise riigikogust ja poliitikast. Märdi tähelepanu pälvivad ka netikommentaatorid.,Märt Koik annab tuld: Mihkel Raud lahkus poliitikast nagu Eminem,link,http://arvamus.postimees.ee/3727979/mart-koik-annab-tuld-mihkel-raud-lahkus-poliitikast-nagu-eminem?utm_source=pm_fb&utm_medium=wallpost&utm_content=3727979&utm_campaign=fb_post,2016-06-10 05:15:00,79,11,12,78,0,0,0,0,1,0
115634898452178_1343304965685159,Tallinas äsja avatud Hiltoni hotelli töötajaskonnast umbes veerandi moodustavad välismaalased kokku enam kui kümnest riigist.,Tallinna Hiltoni hotelli töötajatest veerandik on välisriigist,link,http://majandus24.postimees.ee/3727609/tallinna-hiltoni-hotelli-tootajatest-veerandik-on-valisriigist?utm_source=pm_fb&utm_medium=wallpost&utm_content=3727609&utm_campaign=fb_post,2016-06-10 05:00:00,62,12,6,50,0,5,1,0,6,0
115634898452178_1343304899018499,Vabaerakonna uus juhatus valis aseesimeheks Monika Haukanõmme ja arvas liikmete hulgast välja Georg Kirsbergi.,Vabaerakond heitis Georg Kirsbergi oma ridadest välja,link,http://www.postimees.ee/3727587/vabaerakond-heitis-georg-kirsbergi-oma-ridadest-valja?utm_source=pm_fb&utm_medium=wallpost&utm_content=3727587&utm_campaign=fb_post,2016-06-10 04:30:00,18,6,3,16,0,1,1,0,0,0
115634898452178_1343306855684970,"Punnvõrrisõit on kõige kõige kättesaadavam ja loomingulisem mootorispordiala, mis ei küsi ei vanust ega sugu.",Punnvõrrid kihutavad Rakveres võidu,link,http://www.postimees.ee/3727657/punnvorrid-kihutavad-rakveres-voidu?utm_source=pm_fb&utm_medium=wallpost&utm_content=3727657&utm_campaign=fb_post,2016-06-10 04:15:00,53,3,12,52,1,0,0,0,0,0
115634898452178_1343281809020808,"Saaremaal põrkasid kokku kaks autot ja buss, keskmine avariisse jäänud auto lõpetas kraavis.",Kolmikavariisse sattunud auto paiskus kraavi,link,http://www.postimees.ee/3727519/kolmikavariisse-sattunud-auto-paiskus-kraavi?utm_source=pm_fb&utm_medium=wallpost&utm_content=3727519&utm_campaign=fb_post,2016-06-10 04:00:01,4,0,1,2,0,2,0,0,0,0
115634898452178_1343352985680357,Tähelepanelik lugeja saatis Virumaa Teatajale ebasündsa video Rakvere bussijaamast.,Rakvere bussijaama tablool näidati sõiduaegade asemel pornofilmi,link,http://virumaateataja.postimees.ee/3727623/rakvere-bussijaama-tablool-naidati-soiduaegade-asemel-pornofilmi?_ga=1.63431276.2128637283.1462733011,2016-06-10 03:52:25,1447,102,233,999,6,45,394,1,2,0
115634898452178_1343281585687497,,Kõrgepalgalistele sotsiaalmaksu lage ei ei tule,link,http://majandus24.postimees.ee/3727573/korgepalgalistele-sotsiaalmaksu-lage-ei-ei-tule?utm_source=pm_fb&utm_medium=wallpost&utm_content=3727573&utm_campaign=fb_post,2016-06-10 03:30:00,9,3,2,7,0,0,0,0,2,0
115634898452178_1343306749018314,"Euroopa värske digitaalarengu aruanne näitab, et Eestis on mobiilse interneti - 3G ja 4G - kasutamise tase üks kõrgemaid Euroopa Liidus, hõlmates ligikaudu 86 protsenti elanikkonnast.",Eesti on mobiilse interneti tarbimiselt Euroopa Liidus esirinnas,link,http://majandus24.postimees.ee/3727633/eesti-on-mobiilse-interneti-tarbimiselt-euroopa-liidus-esirinnas?utm_source=pm_fb&utm_medium=wallpost&utm_content=3727633&utm_campaign=fb_post,2016-06-10 03:15:00,48,2,9,46,0,2,0,0,0,0
115634898452178_1343334492348873,"Tartus blokeerisid eile pärastlõunal kaks meest oma sõidukiga teise auto ning üks neist lõi sõiduki roolis olnud naist näkku, politsei pidas vägivallas kahtlustatava kinni.",Liiiklusraev Tartus: mees lõi naisautojuhile rusikaga näkku,link,http://tartu.postimees.ee/3727811/liiiklusraev-tartus-mees-loi-naisautojuhile-rusikaga-nakku?utm_source=pm_fb&utm_medium=wallpost&utm_content=3727811&utm_campaign=fb_post,2016-06-10 03:09:07,118,51,71,26,0,18,0,7,67,0
115634898452178_1343331045682551,"Postimehel täitub peagi 160 aastat. Seepärast aita meil üles leida kõik Postimehe reklaamid üle Eesti.

Rohkem informatsiooni kampaania kui ka osalemise kohta leiad
http://goo.gl/eiGy3N",Timeline Photos,photo,https://www.facebook.com/postimees/photos/a.119314351417566.19831.115634898452178/1343331045682551/?type=3,2016-06-10 03:04:00,1,0,1,1,0,0,0,0,0,0
115634898452178_1343281005687555,"Alkoholitootjate hinnangul müüakse kümme protsenti Eestis joodavast kangest alkoholist Lätis, kuid Läti piiri lähedal tegutsevate kaupluste omanikud naaberriigi odavama alkoholi mõju ei tunne.",Piiri lähedal asuvaid poode naabrite odav viin ei häiri,link,http://sakala.postimees.ee/3727543/piiri-lahedal-asuvaid-poode-naabrite-odav-viin-ei-hairi,2016-06-10 02:30:00,11,4,3,10,0,0,0,0,1,0
115634898452178_1343306615684994,"Kes mäletab 90ndate teleseriaali «Salmonid», võib kindel olla, et selles 1300 m² villas Tallinna lähistel tunneks seriaali peategelased end õige koduselt.",Nagu filmis: Ilmandu külas müüakse tenniseväljaku ja torniga villat,link,http://kodu.postimees.ee/3727561/nagu-filmis-ilmandu-kulas-muuakse-tennisevaljaku-ja-torniga-villat?utm_source=pm_fb&utm_medium=wallpost&utm_content=3727561&utm_campaign=fb_post,2016-06-10 02:15:00,85,9,21,75,3,0,7,0,0,0
115634898452178_1343280752354247,"Tõukerattasõit ei pea olema vaid laste lõbu. Rattapoodidest leiab täiskasvanugi erilise ilusa mugava sõiduvahendi, millega muretult linna vahel vurada või trennigi teha.",Tõukeratas pakub kehale korralikku koormust ja hingele sõidulusti,link,http://virumaateataja.postimees.ee/3727523/toukeratas-pakub-kehale-korralikku-koormust-ja-hingele-soidulusti,2016-06-10 02:00:00,52,2,4,52,0,0,0,0,0,0
115634898452178_1343280479020941,78 protsenti Eesti elanikest peab lojaalsusprogramme oluliseks ja igaüks on keskmiselt kaheksa enamlevinud lojaalsusprogrammi liige,Uuring: Eesti elanikul on keskmiselt kaheksa kliendikaarti,link,http://tarbija24.postimees.ee/3727521/uuring-eesti-elanikul-on-keskmiselt-kaheksa-kliendikaarti?utm_source=pm_fb&utm_medium=wallpost&utm_content=3727521&utm_campaign=fb_post,2016-06-10 01:30:00,10,5,2,10,0,0,0,0,0,0
115634898452178_1343279415687714,"Ungari valitsus teatas neljapäeval otsusest tõsta järgmise kahe aasta jooksul 40 protsendi võrra arstide ja apteekrite palka, et nende massiline riigist lahkumine peatada.",Ungari valitsus tõstab väljavoolu peatamiseks arstide palka,link,http://maailm.postimees.ee/3727501/ungari-valitsus-tostab-valjavoolu-peatamiseks-arstide-palka?utm_source=pm_fb&utm_medium=wallpost&utm_content=3727501&utm_campaign=fb_post,2016-06-10 01:00:00,101,2,12,97,0,3,1,0,0,0
